2025-05-15T15:12:10+08:00 [INFO] Application starting... env=development app=enterprise-knowledge
2025-05-15T15:12:10+08:00 [INFO] Loaded configuration: {Server:{Address::8080 Timeout:30s} Logging:{Environment:development FilePath:./logs/app.log Console:true} Milvus:{Address:localhost:19530 Username: Password:*** CollectionName:enterprise_docs TLS:{Enabled:false CertPath:}} Embedding:{ModelName:text-embedding-3-small APIKey:*** Timeout:15s Model:} DeepSeek:{BaseURL:http://localhost:5000 APIKey:*** Model:deepseek-local Timeout:30s} Document:{ChunkSize:1000 ChunkOverlap:200 MaxFileSize:10MB}} env=development app=enterprise-knowledge
2025-05-16T10:23:00+08:00 [INFO] Application starting... env=development app=enterprise-knowledge
2025-05-16T10:23:00+08:00 [INFO] Loaded configuration: {Server:{Address::8080 Timeout:30s} Logging:{Environment:development FilePath:./logs/app.log Console:true} Milvus:{Address:localhost:19530 Username: Password:*** CollectionName:enterprise_docs TLS:{Enabled:false CertPath:}} Embedding:{ModelName:text-embedding-3-small APIKey:*** Timeout:15s Model:} DeepSeek:{BaseURL:http://localhost:5000 APIKey:*** Model:deepseek-local Timeout:30s} Document:{ChunkSize:1000 ChunkOverlap:200 MaxFileSize:10MB}} env=development app=enterprise-knowledge
2025-05-16T10:23:00+08:00 [ERROR] Failed to initialize Milvus: failed to create collection: feature not supported env=development app=enterprise-knowledge
2025-05-16T10:23:00+08:00 [FATAL] Failed to initialize DeepSeek client: failed to create collection: feature not supported env=development app=enterprise-knowledge
2025-05-16T10:28:49+08:00 [INFO] Application starting... app=enterprise-knowledge env=development
2025-05-16T10:28:49+08:00 [INFO] Loaded configuration: {Server:{Address::8080 Timeout:30s} Logging:{Environment:development FilePath:./logs/app.log Console:true} Milvus:{Address:localhost:19530 Username: Password:*** CollectionName:enterprise_docs TLS:{Enabled:false CertPath:}} Embedding:{ModelName:text-embedding-3-small APIKey:*** Timeout:15s Model:} DeepSeek:{BaseURL:http://localhost:5000 APIKey:*** Model:deepseek-local Timeout:30s} Document:{ChunkSize:1000 ChunkOverlap:200 MaxFileSize:10MB}} app=enterprise-knowledge env=development
2025-05-16T10:28:49+08:00 [ERROR] Failed to initialize Milvus: failed to create collection: feature not supported app=enterprise-knowledge env=development
2025-05-16T10:30:38+08:00 [INFO] Application starting... app=enterprise-knowledge env=development
2025-05-16T10:30:38+08:00 [INFO] Loaded configuration: {Server:{Address::8080 Timeout:30s} Logging:{Environment:development FilePath:./logs/app.log Console:true} Milvus:{Address:localhost:19530 Username: Password:*** CollectionName:enterprise_docs TLS:{Enabled:false CertPath:}} Embedding:{ModelName:text-embedding-3-small APIKey:*** Timeout:15s Model:} DeepSeek:{BaseURL:http://localhost:5000 APIKey:*** Model:deepseek-local Timeout:30s} Document:{ChunkSize:1000 ChunkOverlap:200 MaxFileSize:10MB}} app=enterprise-knowledge env=development
2025-05-16T10:30:38+08:00 [ERROR] Failed to initialize Milvus: failed to create collection: feature not supported env=development app=enterprise-knowledge
2025-05-16T11:34:09+08:00 [INFO] Application starting... app=enterprise-knowledge env=development
2025-05-16T11:34:09+08:00 [INFO] Loaded configuration: {Server:{Address::8080 Timeout:30s} Logging:{Environment:development FilePath:./logs/app.log Console:true} Milvus:{Address:localhost:19530 Username: Password:*** CollectionName:enterprise_docs TLS:{Enabled:false CertPath:}} Embedding:{ModelName:text-embedding-3-small APIKey:*** Timeout:15s Model:} DeepSeek:{BaseURL:http://localhost:5000 APIKey:*** Model:deepseek-local Timeout:30s} Document:{ChunkSize:1000 ChunkOverlap:200 MaxFileSize:10MB}} env=development app=enterprise-knowledge
2025-05-16T11:34:09+08:00 [INFO] Server listening on :8080 app=enterprise-knowledge env=development
2025-05-16T14:00:18+08:00 [INFO] Shutting down server... env=development app=enterprise-knowledge
2025-05-16T14:00:18+08:00 [INFO] Server exited properly app=enterprise-knowledge env=development
2025-05-16T14:50:40+08:00 [INFO] Application starting... app=enterprise-knowledge env=development
2025-05-16T14:50:40+08:00 [INFO] Loaded configuration: {Server:{Address::8080 Timeout:30s} Logging:{Environment:development FilePath:./logs/app.log Console:true} Milvus:{Address:localhost:19530 Username: Password:*** CollectionName:enterprise_docs TLS:{Enabled:false CertPath:}} Embedding:{ModelName:text-embedding-3-small APIKey:*** Timeout:15s Model:} DeepSeek:{BaseURL:http://localhost:11434 APIKey:*** Model:deepseek-r1:1.5b Timeout:30s} Document:{ChunkSize:1000 ChunkOverlap:200 MaxFileSize:10MB}} app=enterprise-knowledge env=development
2025-05-16T14:50:40+08:00 [INFO] Server listening on :8080 app=enterprise-knowledge env=development
2025-05-16T14:52:01+08:00 [INFO] Shutting down server... app=enterprise-knowledge env=development
2025-05-16T14:52:01+08:00 [INFO] Server exited properly app=enterprise-knowledge env=development
2025-05-16T14:52:04+08:00 [INFO] Application starting... env=development app=enterprise-knowledge
2025-05-16T14:52:04+08:00 [INFO] Loaded configuration: {Server:{Address::8080 Timeout:30s} Logging:{Environment:development FilePath:./logs/app.log Console:true} Milvus:{Address:localhost:19530 Username: Password:*** CollectionName:enterprise_docs TLS:{Enabled:false CertPath:}} Embedding:{ModelName:text-embedding-3-small APIKey:*** Timeout:15s Model:} DeepSeek:{BaseURL:http://localhost:11434 APIKey:*** Model:deepseek-r1:1.5b Timeout:30s} Document:{ChunkSize:1000 ChunkOverlap:200 MaxFileSize:10MB}} app=enterprise-knowledge env=development
2025-05-16T14:52:04+08:00 [INFO] DeepSeek client initialized successfully with model: deepseek-r1:1.5b app=enterprise-knowledge env=development
2025-05-16T14:52:04+08:00 [INFO] Server listening on :8080 app=enterprise-knowledge env=development
2025-05-16T16:59:49+08:00 [INFO] Shutting down server... app=enterprise-knowledge env=development
2025-05-16T16:59:49+08:00 [INFO] Server exited properly app=enterprise-knowledge env=development
2025-05-16T16:59:54+08:00 [INFO] Application starting... app=enterprise-knowledge env=development
2025-05-16T16:59:54+08:00 [INFO] Loaded configuration: {Server:{Address::8080 Timeout:30s} Logging:{Environment:development FilePath:./logs/app.log Console:true} Milvus:{Address:localhost:19530 Username: Password:*** CollectionName:enterprise_docs TLS:{Enabled:false CertPath:}} Embedding:{ModelName:all-MiniLM-L6-v2 APIKey:*** Timeout:30s Model:} DeepSeek:{BaseURL:http://localhost:11434 APIKey:*** Model:deepseek-r1:1.5b Timeout:30s} Document:{ChunkSize:1000 ChunkOverlap:200 MaxFileSize:10MB}} app=enterprise-knowledge env=development
2025-05-16T16:59:54+08:00 [INFO] DeepSeek client initialized successfully with model: deepseek-r1:1.5b app=enterprise-knowledge env=development
2025-05-16T16:59:54+08:00 [INFO] Server listening on :8080 app=enterprise-knowledge env=development
2025-05-16T17:00:57+08:00 [INFO] Shutting down server... app=enterprise-knowledge env=development
2025-05-16T17:00:57+08:00 [INFO] Server exited properly app=enterprise-knowledge env=development
2025-05-16T17:01:00+08:00 [INFO] Application starting... app=enterprise-knowledge env=development
2025-05-16T17:01:00+08:00 [INFO] Loaded configuration: {Server:{Address::8080 Timeout:30s} Logging:{Environment:development FilePath:./logs/app.log Console:true} Milvus:{Address:localhost:19530 Username: Password:*** CollectionName:enterprise_docs TLS:{Enabled:false CertPath:}} Embedding:{ModelName:all-MiniLM-L6-v2 APIKey:*** Timeout:30s Model:} DeepSeek:{BaseURL:http://localhost:11434 APIKey:*** Model:deepseek-r1:1.5b Timeout:30s} Document:{ChunkSize:1000 ChunkOverlap:200 MaxFileSize:10MB}} app=enterprise-knowledge env=development
2025-05-16T17:01:00+08:00 [INFO] Embedder initialized successfully with model: &{all-MiniLM-L6-v2 dummy } app=enterprise-knowledge env=development
2025-05-16T17:01:00+08:00 [INFO] DeepSeek client initialized successfully with model: deepseek-r1:1.5b env=development app=enterprise-knowledge
2025-05-16T17:01:00+08:00 [INFO] Server listening on :8080 app=enterprise-knowledge env=development
2025-05-16T17:01:34+08:00 [INFO] Shutting down server... app=enterprise-knowledge env=development
2025-05-16T17:01:34+08:00 [INFO] Server exited properly app=enterprise-knowledge env=development
2025-05-16T17:01:58+08:00 [INFO] Application starting... app=enterprise-knowledge env=development
2025-05-16T17:01:58+08:00 [INFO] Loaded configuration: {Server:{Address::8080 Timeout:30s} Logging:{Environment:development FilePath:./logs/app.log Console:true} Milvus:{Address:localhost:19530 Username: Password:*** CollectionName:enterprise_docs TLS:{Enabled:false CertPath:}} Embedding:{ModelName:all-MiniLM-L6-v2 APIKey:*** Timeout:30s Model:} DeepSeek:{BaseURL:http://localhost:11434 APIKey:*** Model:deepseek-r1:1.5b Timeout:30s} Document:{ChunkSize:1000 ChunkOverlap:200 MaxFileSize:10MB}} app=enterprise-knowledge env=development
2025-05-16T17:01:58+08:00 [INFO] Embedder initialized successfully with model: &{all-MiniLM-L6-v2 dummy } app=enterprise-knowledge env=development
2025-05-16T17:01:58+08:00 [INFO] DeepSeek client initialized successfully with model: deepseek-r1:1.5b app=enterprise-knowledge env=development
2025-05-16T17:01:58+08:00 [INFO] Server listening on :8080 env=development app=enterprise-knowledge
2025-05-19T15:02:35+08:00 [INFO] Shutting down server... app=enterprise-knowledge env=development
2025-05-19T15:02:35+08:00 [INFO] Server exited properly app=enterprise-knowledge env=development
2025-05-20T16:48:09+08:00 [INFO] Application starting... app=enterprise-knowledge env=development
2025-05-20T16:48:09+08:00 [INFO] Loaded configuration: {Server:{Address::8080 Timeout:30s} Logging:{Environment:development FilePath:./logs/app.log Console:true} Milvus:{Address:localhost:19530 Username: Password:*** CollectionName:enterprise_docs TLS:{Enabled:false CertPath:}} Embedding:{ModelName:all-MiniLM-L6-v2 APIKey:*** Timeout:30s Model:} DeepSeek:{BaseURL:http://localhost:11434 APIKey:*** Model:deepseek-r1:1.5b Timeout:30s} Document:{ChunkSize:1000 ChunkOverlap:200 MaxFileSize:10MB}} app=enterprise-knowledge env=development
2025-05-20T16:48:09+08:00 [ERROR] Failed to initialize Milvus: failed to create collection: feature not supported app=enterprise-knowledge env=development
2025-05-20T16:48:32+08:00 [INFO] Application starting... app=enterprise-knowledge env=development
2025-05-20T16:48:32+08:00 [INFO] Loaded configuration: {Server:{Address::8080 Timeout:30s} Logging:{Environment:development FilePath:./logs/app.log Console:true} Milvus:{Address:localhost:19530 Username: Password:*** CollectionName:enterprise_docs TLS:{Enabled:false CertPath:}} Embedding:{ModelName:all-MiniLM-L6-v2 APIKey:*** Timeout:30s Model:} DeepSeek:{BaseURL:http://localhost:11434 APIKey:*** Model:deepseek-r1:1.5b Timeout:30s} Document:{ChunkSize:1000 ChunkOverlap:200 MaxFileSize:10MB}} app=enterprise-knowledge env=development
2025-05-20T16:48:33+08:00 [ERROR] Failed to initialize Milvus: failed to create collection: feature not supported app=enterprise-knowledge env=development
2025-05-20T17:09:30+08:00 [INFO] Application starting... app=enterprise-knowledge env=development
2025-05-20T17:09:30+08:00 [INFO] Loaded configuration: {Server:{Address::8080 Timeout:30s} Logging:{Environment:development FilePath:./logs/app.log Console:true} Milvus:{Address:localhost:19530 Username: Password:*** CollectionName:enterprise_docs TLS:{Enabled:false CertPath:}} Embedding:{ModelName:all-MiniLM-L6-v2 APIKey:*** Timeout:30s Model:} DeepSeek:{BaseURL:http://localhost:11434 APIKey:*** Model:deepseek-r1:1.5b Timeout:30s} Document:{ChunkSize:1000 ChunkOverlap:200 MaxFileSize:10MB}} app=enterprise-knowledge env=development
2025-05-20T17:09:30+08:00 [INFO] Embedder initialized successfully with model: &{all-MiniLM-L6-v2 dummy } app=enterprise-knowledge env=development
2025-05-20T17:09:30+08:00 [INFO] DeepSeek client initialized successfully with model: deepseek-r1:1.5b app=enterprise-knowledge env=development
2025-05-20T17:09:30+08:00 [INFO] Server listening on :8080 app=enterprise-knowledge env=development
2025-05-20T17:09:42+08:00 [INFO] Request: POST /api/documents app=enterprise-knowledge env=development
2025-05-20T17:10:29+08:00 [INFO] Request: POST /api/documents app=enterprise-knowledge env=development
2025-05-20T17:10:29+08:00 [INFO] Request: POST /api/documents app=enterprise-knowledge env=development
2025-05-20T17:17:10+08:00 [INFO] Shutting down server... app=enterprise-knowledge env=development
2025-05-20T17:17:10+08:00 [INFO] Server exited properly app=enterprise-knowledge env=development
2025-05-20T17:17:14+08:00 [INFO] Application starting... env=development app=enterprise-knowledge
2025-05-20T17:17:14+08:00 [INFO] Loaded configuration: {Server:{Address::8080 Timeout:30s} Logging:{Environment:development FilePath:./logs/app.log Console:true} Milvus:{Address:localhost:19530 Username: Password:*** CollectionName:enterprise_docs TLS:{Enabled:false CertPath:}} Embedding:{ModelName:all-MiniLM-L6-v2 APIKey:*** Timeout:30s Model:} DeepSeek:{BaseURL:http://localhost:11434 APIKey:*** Model:deepseek-r1:1.5b Timeout:30s} Document:{ChunkSize:1000 ChunkOverlap:200 MaxFileSize:10MB}} app=enterprise-knowledge env=development
2025-05-20T17:17:14+08:00 [INFO] Embedder initialized successfully with model: &{all-MiniLM-L6-v2 dummy } app=enterprise-knowledge env=development
2025-05-20T17:17:14+08:00 [INFO] DeepSeek client initialized successfully with model: deepseek-r1:1.5b app=enterprise-knowledge env=development
2025-05-20T17:17:14+08:00 [INFO] Server listening on :8080 app=enterprise-knowledge env=development
2025-05-20T17:17:22+08:00 [INFO] Request: POST /api/documents app=enterprise-knowledge env=development
2025-05-20T17:17:47+08:00 [INFO] Shutting down server... app=enterprise-knowledge env=development
2025-05-20T17:17:47+08:00 [INFO] Server exited properly app=enterprise-knowledge env=development
2025-05-20T17:17:50+08:00 [INFO] Application starting... env=development app=enterprise-knowledge
2025-05-20T17:17:50+08:00 [INFO] Loaded configuration: {Server:{Address::8080 Timeout:30s} Logging:{Environment:development FilePath:./logs/app.log Console:true} Milvus:{Address:localhost:19530 Username: Password:*** CollectionName:enterprise_docs TLS:{Enabled:false CertPath:}} Embedding:{ModelName:all-MiniLM-L6-v2 APIKey:*** Timeout:30s Model:} DeepSeek:{BaseURL:http://localhost:11434 APIKey:*** Model:deepseek-r1:1.5b Timeout:30s} Document:{ChunkSize:1000 ChunkOverlap:200 MaxFileSize:10MB}} env=development app=enterprise-knowledge
2025-05-20T17:17:50+08:00 [INFO] Embedder initialized successfully with model: &{all-MiniLM-L6-v2 dummy } env=development app=enterprise-knowledge
2025-05-20T17:17:50+08:00 [INFO] DeepSeek client initialized successfully with model: deepseek-r1:1.5b env=development app=enterprise-knowledge
2025-05-20T17:17:50+08:00 [INFO] Server listening on :8080 app=enterprise-knowledge env=development
2025-05-20T17:17:59+08:00 [INFO] Request: POST /api/documents env=development app=enterprise-knowledge
2025-05-20T17:18:31+08:00 [INFO] Shutting down server... env=development app=enterprise-knowledge
2025-05-20T17:18:31+08:00 [INFO] Server exited properly env=development app=enterprise-knowledge
2025-05-20T17:18:35+08:00 [INFO] Application starting... env=development app=enterprise-knowledge
2025-05-20T17:18:35+08:00 [INFO] Loaded configuration: {Server:{Address::8080 Timeout:30s} Logging:{Environment:development FilePath:./logs/app.log Console:true} Milvus:{Address:localhost:19530 Username: Password:*** CollectionName:enterprise_docs TLS:{Enabled:false CertPath:}} Embedding:{ModelName:all-MiniLM-L6-v2 APIKey:*** Timeout:30s Model:} DeepSeek:{BaseURL:http://localhost:11434 APIKey:*** Model:deepseek-r1:1.5b Timeout:30s} Document:{ChunkSize:1000 ChunkOverlap:200 MaxFileSize:10MB}} env=development app=enterprise-knowledge
2025-05-20T17:18:35+08:00 [INFO] Embedder initialized successfully with model: &{all-MiniLM-L6-v2 dummy } env=development app=enterprise-knowledge
2025-05-20T17:18:35+08:00 [INFO] DeepSeek client initialized successfully with model: deepseek-r1:1.5b env=development app=enterprise-knowledge
2025-05-20T17:18:35+08:00 [INFO] Server listening on :8080 env=development app=enterprise-knowledge
2025-05-20T17:18:39+08:00 [INFO] Request: POST /api/documents env=development app=enterprise-knowledge
2025-05-20T17:24:08+08:00 [INFO] Shutting down server... app=enterprise-knowledge env=development
2025-05-20T17:24:08+08:00 [INFO] Server exited properly env=development app=enterprise-knowledge
2025-05-20T17:25:07+08:00 [INFO] Application starting... env=development app=enterprise-knowledge
2025-05-20T17:25:07+08:00 [INFO] Loaded configuration: {Server:{Address::8080 Timeout:30s} Logging:{Environment:development FilePath:./logs/app.log Console:true} Milvus:{Address:localhost:19530 Username: Password:*** CollectionName:enterprise_docs TLS:{Enabled:false CertPath:}} Embedding:{ModelName:all-MiniLM-L6-v2 APIKey:*** Timeout:30s Model:} DeepSeek:{BaseURL:http://localhost:11434 APIKey:*** Model:deepseek-r1:1.5b Timeout:30s} Document:{ChunkSize:1000 ChunkOverlap:200 MaxFileSize:10MB}} app=enterprise-knowledge env=development
2025-05-20T17:25:07+08:00 [INFO] Embedder initialized successfully with model: &{all-MiniLM-L6-v2 dummy } app=enterprise-knowledge env=development
2025-05-20T17:25:07+08:00 [INFO] DeepSeek client initialized successfully with model: deepseek-r1:1.5b env=development app=enterprise-knowledge
2025-05-20T17:25:07+08:00 [INFO] Server listening on :8080 app=enterprise-knowledge env=development
2025-05-20T17:25:12+08:00 [INFO] Request: POST /api/documents env=development app=enterprise-knowledge
2025-05-20T17:26:11+08:00 [INFO] Shutting down server... app=enterprise-knowledge env=development
2025-05-20T17:26:11+08:00 [INFO] Server exited properly app=enterprise-knowledge env=development
2025-05-20T17:26:14+08:00 [INFO] Application starting... app=enterprise-knowledge env=development
2025-05-20T17:26:14+08:00 [INFO] Loaded configuration: {Server:{Address::8080 Timeout:30s} Logging:{Environment:development FilePath:./logs/app.log Console:true} Milvus:{Address:localhost:19530 Username: Password:*** CollectionName:enterprise_docs TLS:{Enabled:false CertPath:}} Embedding:{ModelName:all-MiniLM-L6-v2 APIKey:*** Timeout:30s Model:} DeepSeek:{BaseURL:http://localhost:11434 APIKey:*** Model:deepseek-r1:1.5b Timeout:30s} Document:{ChunkSize:1000 ChunkOverlap:200 MaxFileSize:10MB}} app=enterprise-knowledge env=development
2025-05-20T17:26:14+08:00 [INFO] Embedder initialized successfully with model: &{all-MiniLM-L6-v2 dummy } app=enterprise-knowledge env=development
2025-05-20T17:26:14+08:00 [INFO] DeepSeek client initialized successfully with model: deepseek-r1:1.5b app=enterprise-knowledge env=development
2025-05-20T17:26:14+08:00 [INFO] Server listening on :8080 app=enterprise-knowledge env=development
2025-05-20T17:26:16+08:00 [INFO] Request: POST /api/documents app=enterprise-knowledge env=development
2025-05-20T17:28:47+08:00 [INFO] Shutting down server... app=enterprise-knowledge env=development
2025-05-20T17:28:47+08:00 [INFO] Server exited properly app=enterprise-knowledge env=development
2025-05-20T17:28:50+08:00 [INFO] Application starting... env=development app=enterprise-knowledge
2025-05-20T17:28:50+08:00 [INFO] Loaded configuration: {Server:{Address::8080 Timeout:30s} Logging:{Environment:development FilePath:./logs/app.log Console:true} Milvus:{Address:localhost:19530 Username: Password:*** CollectionName:enterprise_docs TLS:{Enabled:false CertPath:}} Embedding:{ModelName:all-MiniLM-L6-v2 APIKey:*** Timeout:30s Model:} DeepSeek:{BaseURL:http://localhost:11434 APIKey:*** Model:deepseek-r1:1.5b Timeout:30s} Document:{ChunkSize:1000 ChunkOverlap:200 MaxFileSize:10MB}} app=enterprise-knowledge env=development
2025-05-20T17:28:50+08:00 [INFO] Embedder initialized successfully with model: &{all-MiniLM-L6-v2 dummy } app=enterprise-knowledge env=development
2025-05-20T17:28:50+08:00 [INFO] DeepSeek client initialized successfully with model: deepseek-r1:1.5b app=enterprise-knowledge env=development
2025-05-20T17:28:50+08:00 [INFO] Server listening on :8080 app=enterprise-knowledge env=development
2025-05-20T17:28:58+08:00 [INFO] Request: POST /api/documents app=enterprise-knowledge env=development
2025-05-20T17:29:47+08:00 [INFO] Shutting down server... app=enterprise-knowledge env=development
2025-05-20T17:29:47+08:00 [INFO] Server exited properly app=enterprise-knowledge env=development
2025-05-20T17:29:51+08:00 [INFO] Application starting... env=development app=enterprise-knowledge
2025-05-20T17:29:51+08:00 [INFO] Loaded configuration: {Server:{Address::8080 Timeout:30s} Logging:{Environment:development FilePath:./logs/app.log Console:true} Milvus:{Address:localhost:19530 Username: Password:*** CollectionName:enterprise_docs TLS:{Enabled:false CertPath:}} Embedding:{ModelName:all-MiniLM-L6-v2 APIKey:*** Timeout:30s Model:} DeepSeek:{BaseURL:http://localhost:11434 APIKey:*** Model:deepseek-r1:1.5b Timeout:30s} Document:{ChunkSize:1000 ChunkOverlap:200 MaxFileSize:10MB}} env=development app=enterprise-knowledge
2025-05-20T17:29:51+08:00 [INFO] Embedder initialized successfully with model: &{all-MiniLM-L6-v2 dummy } app=enterprise-knowledge env=development
2025-05-20T17:29:51+08:00 [INFO] DeepSeek client initialized successfully with model: deepseek-r1:1.5b app=enterprise-knowledge env=development
2025-05-20T17:29:51+08:00 [INFO] Server listening on :8080 app=enterprise-knowledge env=development
2025-05-20T17:30:03+08:00 [INFO] Request: POST /api/documents env=development app=enterprise-knowledge
2025-05-20T17:34:38+08:00 [INFO] Shutting down server... app=enterprise-knowledge env=development
2025-05-20T17:34:38+08:00 [INFO] Server exited properly app=enterprise-knowledge env=development
2025-05-22T10:24:25+08:00 [INFO] Application starting... env=development app=enterprise-knowledge
2025-05-22T10:24:25+08:00 [INFO] Loaded configuration: {Server:{Address::8080 Timeout:30s} Logging:{Environment:development FilePath:./logs/app.log Console:true} Milvus:{Address:localhost:19530 Username: Password:*** CollectionName:enterprise_docs TLS:{Enabled:false CertPath:}} Embedding:{ModelName:all-MiniLM-L6-v2 APIKey:*** Timeout:30s Model:} DeepSeek:{BaseURL:http://localhost:11434 APIKey:*** Model:deepseek-r1:1.5b Timeout:30s} Document:{ChunkSize:1000 ChunkOverlap:200 MaxFileSize:10MB}} env=development app=enterprise-knowledge
2025-05-22T10:24:25+08:00 [INFO] Embedder initialized successfully with model: &{all-MiniLM-L6-v2 dummy } env=development app=enterprise-knowledge
2025-05-22T10:24:25+08:00 [INFO] DeepSeek client initialized successfully with model: deepseek-r1:1.5b env=development app=enterprise-knowledge
2025-05-22T10:24:25+08:00 [INFO] Server listening on :8080 app=enterprise-knowledge env=development
2025-05-22T10:26:57+08:00 [INFO] Request: POST /api/documents env=development app=enterprise-knowledge
2025-05-22T10:40:17+08:00 [INFO] Shutting down server... env=development app=enterprise-knowledge
2025-05-22T10:40:17+08:00 [INFO] Server exited properly env=development app=enterprise-knowledge
2025-05-22T10:43:04+08:00 [INFO] Application starting... app=enterprise-knowledge env=development
2025-05-22T10:43:04+08:00 [INFO] Loaded configuration: {Server:{Address::8080 Timeout:30s} Logging:{Environment:development FilePath:./logs/app.log Console:true} Milvus:{Address:localhost:19530 Username: Password:*** CollectionName:enterprise_docs TLS:{Enabled:false CertPath:}} Embedding:{ModelName:all-MiniLM-L6-v2 APIKey:*** Timeout:30s Model:} DeepSeek:{BaseURL:http://localhost:11434 APIKey:*** Model:deepseek-r1:1.5b Timeout:30s} Document:{ChunkSize:1000 ChunkOverlap:200 MaxFileSize:10MB}} app=enterprise-knowledge env=development
2025-05-22T10:43:04+08:00 [INFO] Embedder initialized successfully with model: &{all-MiniLM-L6-v2 dummy } app=enterprise-knowledge env=development
2025-05-22T10:43:04+08:00 [INFO] DeepSeek client initialized successfully with model: deepseek-r1:1.5b app=enterprise-knowledge env=development
2025-05-22T10:43:04+08:00 [INFO] Server listening on :8080 app=enterprise-knowledge env=development
2025-05-22T10:43:32+08:00 [INFO] Request: POST /api/documents app=enterprise-knowledge env=development
2025-05-22T10:49:10+08:00 [INFO] Shutting down server... app=enterprise-knowledge env=development
2025-05-22T10:49:10+08:00 [INFO] Server exited properly app=enterprise-knowledge env=development
2025-05-22T11:10:03+08:00 [INFO] Application starting... app=enterprise-knowledge env=development
2025-05-22T11:10:03+08:00 [INFO] Loaded configuration: {Server:{Address::8080 Timeout:30s} Logging:{Environment:development FilePath:./logs/app.log Console:true} Milvus:{Address:localhost:19530 Username: Password:*** CollectionName:enterprise_docs TLS:{Enabled:false CertPath:}} Embedding:{ModelName:all-MiniLM-L6-v2 APIKey:*** Timeout:30s Model:} DeepSeek:{BaseURL:http://localhost:11434 APIKey:*** Model:deepseek-r1:1.5b Timeout:30s} Document:{ChunkSize:1000 ChunkOverlap:200 MaxFileSize:10MB}} app=enterprise-knowledge env=development
2025-05-22T11:10:03+08:00 [INFO] Embedder initialized successfully with model: &{all-MiniLM-L6-v2 dummy } app=enterprise-knowledge env=development
2025-05-22T11:10:03+08:00 [INFO] DeepSeek client initialized successfully with model: deepseek-r1:1.5b env=development app=enterprise-knowledge
2025-05-22T11:10:03+08:00 [INFO] Server listening on :8080 app=enterprise-knowledge env=development
2025-05-22T11:10:13+08:00 [INFO] Request: POST /api/documents app=enterprise-knowledge env=development
2025-05-22T11:10:13+08:00 [ERROR] Panic recovered: runtime error: invalid memory address or nil pointer dereference app=enterprise-knowledge env=development
2025-05-22T11:13:03+08:00 [INFO] Shutting down server... app=enterprise-knowledge env=development
2025-05-22T11:13:03+08:00 [INFO] Server exited properly env=development app=enterprise-knowledge
2025-05-22T11:13:07+08:00 [INFO] Application starting... env=development app=enterprise-knowledge
2025-05-22T11:13:07+08:00 [INFO] Loaded configuration: {Server:{Address::8080 Timeout:30s} Logging:{Environment:development FilePath:./logs/app.log Console:true} Milvus:{Address:localhost:19530 Username: Password:*** CollectionName:enterprise_docs TLS:{Enabled:false CertPath:}} Embedding:{ModelName:all-MiniLM-L6-v2 APIKey:*** Timeout:30s Model:} DeepSeek:{BaseURL:http://localhost:11434 APIKey:*** Model:deepseek-r1:1.5b Timeout:30s} Document:{ChunkSize:1000 ChunkOverlap:200 MaxFileSize:10MB}} env=development app=enterprise-knowledge
2025-05-22T11:13:07+08:00 [INFO] Embedder initialized successfully with model: &{all-MiniLM-L6-v2 dummy } app=enterprise-knowledge env=development
2025-05-22T11:13:07+08:00 [INFO] DeepSeek client initialized successfully with model: deepseek-r1:1.5b app=enterprise-knowledge env=development
2025-05-22T11:13:07+08:00 [INFO] Server listening on :8080 app=enterprise-knowledge env=development
2025-05-22T11:13:30+08:00 [INFO] Request: POST /api/documents app=enterprise-knowledge env=development
2025-05-22T11:13:30+08:00 [ERROR] Panic recovered: runtime error: invalid memory address or nil pointer dereference app=enterprise-knowledge env=development
2025-05-22T11:16:09+08:00 [INFO] Shutting down server... app=enterprise-knowledge env=development
2025-05-22T11:16:09+08:00 [INFO] Server exited properly app=enterprise-knowledge env=development
2025-05-22T11:16:15+08:00 [INFO] Application starting... app=enterprise-knowledge env=development
2025-05-22T11:16:15+08:00 [INFO] Loaded configuration: {Server:{Address::8080 Timeout:30s} Logging:{Environment:development FilePath:./logs/app.log Console:true} Milvus:{Address:localhost:19530 Username: Password:*** CollectionName:enterprise_docs TLS:{Enabled:false CertPath:}} Embedding:{ModelName:all-MiniLM-L6-v2 APIKey:*** Timeout:30s Model:} DeepSeek:{BaseURL:http://localhost:11434 APIKey:*** Model:deepseek-r1:1.5b Timeout:30s} Document:{ChunkSize:1000 ChunkOverlap:200 MaxFileSize:10MB}} env=development app=enterprise-knowledge
2025-05-22T11:16:15+08:00 [INFO] Embedder initialized successfully with model: &{all-MiniLM-L6-v2 dummy } app=enterprise-knowledge env=development
2025-05-22T11:16:15+08:00 [INFO] DeepSeek client initialized successfully with model: deepseek-r1:1.5b app=enterprise-knowledge env=development
2025-05-22T11:16:15+08:00 [INFO] Server listening on :8080 app=enterprise-knowledge env=development
2025-05-22T11:16:26+08:00 [INFO] Request: POST /api/documents app=enterprise-knowledge env=development
2025-05-22T11:16:26+08:00 [ERROR] Panic recovered: runtime error: invalid memory address or nil pointer dereference app=enterprise-knowledge env=development
2025-05-22T11:18:06+08:00 [INFO] Shutting down server... app=enterprise-knowledge env=development
2025-05-22T11:18:06+08:00 [INFO] Server exited properly app=enterprise-knowledge env=development
2025-05-22T11:20:19+08:00 [INFO] Application starting... app=enterprise-knowledge env=development
2025-05-22T11:20:19+08:00 [INFO] Loaded configuration: {Server:{Address::8080 Timeout:30s} Logging:{Environment:development FilePath:./logs/app.log Console:true} Milvus:{Address:localhost:19530 Username: Password:*** CollectionName:enterprise_docs TLS:{Enabled:false CertPath:}} Embedding:{ModelName:all-MiniLM-L6-v2 APIKey:*** Timeout:30s Model:} DeepSeek:{BaseURL:http://localhost:11434 APIKey:*** Model:deepseek-r1:1.5b Timeout:30s} Document:{ChunkSize:1000 ChunkOverlap:200 MaxFileSize:10MB}} env=development app=enterprise-knowledge
2025-05-22T11:20:19+08:00 [INFO] Embedder initialized successfully with model: &{all-MiniLM-L6-v2 dummy } app=enterprise-knowledge env=development
2025-05-22T11:20:19+08:00 [INFO] DeepSeek client initialized successfully with model: deepseek-r1:1.5b app=enterprise-knowledge env=development
2025-05-22T11:20:19+08:00 [INFO] Server listening on :8080 app=enterprise-knowledge env=development
2025-05-22T11:21:00+08:00 [INFO] Request: POST /api/documents app=enterprise-knowledge env=development
2025-05-22T11:21:00+08:00 [ERROR] Panic recovered: runtime error: invalid memory address or nil pointer dereference app=enterprise-knowledge env=development
2025-05-22T11:25:13+08:00 [INFO] Shutting down server... env=development app=enterprise-knowledge
2025-05-22T11:25:13+08:00 [INFO] Server exited properly app=enterprise-knowledge env=development
2025-05-22T11:25:17+08:00 [INFO] Application starting... app=enterprise-knowledge env=development
2025-05-22T11:25:17+08:00 [INFO] Loaded configuration: {Server:{Address::8080 Timeout:30s} Logging:{Environment:development FilePath:./logs/app.log Console:true} Milvus:{Address:localhost:19530 Username: Password:*** CollectionName:enterprise_docs TLS:{Enabled:false CertPath:}} Embedding:{ModelName:all-MiniLM-L6-v2 APIKey:*** Timeout:30s Model:} DeepSeek:{BaseURL:http://localhost:11434 APIKey:*** Model:deepseek-r1:1.5b Timeout:30s} Document:{ChunkSize:1000 ChunkOverlap:200 MaxFileSize:10MB}} app=enterprise-knowledge env=development
2025-05-22T11:25:17+08:00 [INFO] Embedder initialized successfully with model: &{all-MiniLM-L6-v2 dummy } app=enterprise-knowledge env=development
2025-05-22T11:25:17+08:00 [INFO] DeepSeek client initialized successfully with model: deepseek-r1:1.5b app=enterprise-knowledge env=development
2025-05-22T11:25:17+08:00 [INFO] Server listening on :8080 app=enterprise-knowledge env=development
2025-05-22T11:25:27+08:00 [INFO] Request: POST /api/documents app=enterprise-knowledge env=development
2025-05-22T11:25:27+08:00 [ERROR] Panic recovered: runtime error: invalid memory address or nil pointer dereference app=enterprise-knowledge env=development
2025-05-22T11:27:24+08:00 [INFO] Shutting down server... app=enterprise-knowledge env=development
2025-05-22T11:27:24+08:00 [INFO] Server exited properly app=enterprise-knowledge env=development
2025-05-22T11:27:28+08:00 [INFO] Application starting... env=development app=enterprise-knowledge
2025-05-22T11:27:28+08:00 [INFO] Loaded configuration: {Server:{Address::8080 Timeout:30s} Logging:{Environment:development FilePath:./logs/app.log Console:true} Milvus:{Address:localhost:19530 Username: Password:*** CollectionName:enterprise_docs TLS:{Enabled:false CertPath:}} Embedding:{ModelName:all-MiniLM-L6-v2 APIKey:*** Timeout:30s Model:} DeepSeek:{BaseURL:http://localhost:11434 APIKey:*** Model:deepseek-r1:1.5b Timeout:30s} Document:{ChunkSize:1000 ChunkOverlap:200 MaxFileSize:10MB}} app=enterprise-knowledge env=development
2025-05-22T11:27:29+08:00 [INFO] Embedder initialized successfully with model: &{all-MiniLM-L6-v2 dummy } app=enterprise-knowledge env=development
2025-05-22T11:27:29+08:00 [INFO] DeepSeek client initialized successfully with model: deepseek-r1:1.5b env=development app=enterprise-knowledge
2025-05-22T11:27:29+08:00 [INFO] Server listening on :8080 app=enterprise-knowledge env=development
2025-05-22T11:28:00+08:00 [INFO] Shutting down server... app=enterprise-knowledge env=development
2025-05-22T11:28:00+08:00 [INFO] Server exited properly app=enterprise-knowledge env=development
2025-05-22T11:28:04+08:00 [INFO] Application starting... app=enterprise-knowledge env=development
2025-05-22T11:28:04+08:00 [INFO] Loaded configuration: {Server:{Address::8080 Timeout:30s} Logging:{Environment:development FilePath:./logs/app.log Console:true} Milvus:{Address:localhost:19530 Username: Password:*** CollectionName:enterprise_docs TLS:{Enabled:false CertPath:}} Embedding:{ModelName:all-MiniLM-L6-v2 APIKey:*** Timeout:30s Model:} DeepSeek:{BaseURL:http://localhost:11434 APIKey:*** Model:deepseek-r1:1.5b Timeout:30s} Document:{ChunkSize:1000 ChunkOverlap:200 MaxFileSize:10MB}} env=development app=enterprise-knowledge
2025-05-22T11:28:04+08:00 [INFO] Embedder initialized successfully with model: &{all-MiniLM-L6-v2 dummy } app=enterprise-knowledge env=development
2025-05-22T11:28:04+08:00 [INFO] DeepSeek client initialized successfully with model: deepseek-r1:1.5b env=development app=enterprise-knowledge
2025-05-22T11:28:04+08:00 [INFO] Server listening on :8080 env=development app=enterprise-knowledge
2025-05-22T11:28:24+08:00 [INFO] Request: POST /api/documents env=development app=enterprise-knowledge
2025-05-22T11:28:24+08:00 [ERROR] Panic recovered: runtime error: invalid memory address or nil pointer dereference env=development app=enterprise-knowledge
2025-05-22T11:31:16+08:00 [INFO] Shutting down server... env=development app=enterprise-knowledge
2025-05-22T11:31:16+08:00 [INFO] Server exited properly env=development app=enterprise-knowledge
2025-05-22T11:31:20+08:00 [INFO] Application starting... env=development app=enterprise-knowledge
2025-05-22T11:31:20+08:00 [INFO] Loaded configuration: {Server:{Address::8080 Timeout:30s} Logging:{Environment:development FilePath:./logs/app.log Console:true} Milvus:{Address:localhost:19530 Username: Password:*** CollectionName:enterprise_docs TLS:{Enabled:false CertPath:}} Embedding:{ModelName:all-MiniLM-L6-v2 APIKey:*** Timeout:30s Model:} DeepSeek:{BaseURL:http://localhost:11434 APIKey:*** Model:deepseek-r1:1.5b Timeout:30s} Document:{ChunkSize:1000 ChunkOverlap:200 MaxFileSize:10MB}} env=development app=enterprise-knowledge
2025-05-22T11:31:20+08:00 [INFO] Embedder initialized successfully with model: &{all-MiniLM-L6-v2 dummy } env=development app=enterprise-knowledge
2025-05-22T11:31:20+08:00 [INFO] DeepSeek client initialized successfully with model: deepseek-r1:1.5b env=development app=enterprise-knowledge
2025-05-22T11:31:20+08:00 [INFO] Server listening on :8080 env=development app=enterprise-knowledge
2025-05-22T11:31:23+08:00 [INFO] Request: POST /api/documents app=enterprise-knowledge env=development
2025-05-22T11:31:23+08:00 [ERROR] Panic recovered: runtime error: invalid memory address or nil pointer dereference env=development app=enterprise-knowledge
2025-05-22T11:32:48+08:00 [INFO] Shutting down server... env=development app=enterprise-knowledge
2025-05-22T11:32:48+08:00 [INFO] Server exited properly env=development app=enterprise-knowledge
2025-05-22T11:32:53+08:00 [INFO] Application starting... env=development app=enterprise-knowledge
2025-05-22T11:32:53+08:00 [INFO] Loaded configuration: {Server:{Address::8080 Timeout:30s} Logging:{Environment:development FilePath:./logs/app.log Console:true} Milvus:{Address:localhost:19530 Username: Password:*** CollectionName:enterprise_docs TLS:{Enabled:false CertPath:}} Embedding:{ModelName:all-MiniLM-L6-v2 APIKey:*** Timeout:30s Model:} DeepSeek:{BaseURL:http://localhost:11434 APIKey:*** Model:deepseek-r1:1.5b Timeout:30s} Document:{ChunkSize:1000 ChunkOverlap:200 MaxFileSize:10MB}} app=enterprise-knowledge env=development
2025-05-22T11:32:53+08:00 [INFO] Embedder initialized successfully with model: &{all-MiniLM-L6-v2 dummy } env=development app=enterprise-knowledge
2025-05-22T11:32:53+08:00 [INFO] DeepSeek client initialized successfully with model: deepseek-r1:1.5b app=enterprise-knowledge env=development
2025-05-22T11:32:53+08:00 [INFO] Server listening on :8080 env=development app=enterprise-knowledge
2025-05-22T11:34:34+08:00 [INFO] Request: POST /api/documents app=enterprise-knowledge env=development
2025-05-22T11:34:34+08:00 [ERROR] Panic recovered: runtime error: invalid memory address or nil pointer dereference env=development app=enterprise-knowledge
2025-05-22T11:35:43+08:00 [INFO] Shutting down server... env=development app=enterprise-knowledge
2025-05-22T11:35:43+08:00 [INFO] Server exited properly app=enterprise-knowledge env=development
2025-05-22T11:35:47+08:00 [INFO] Application starting... env=development app=enterprise-knowledge
2025-05-22T11:35:47+08:00 [INFO] Loaded configuration: {Server:{Address::8080 Timeout:30s} Logging:{Environment:development FilePath:./logs/app.log Console:true} Milvus:{Address:localhost:19530 Username: Password:*** CollectionName:enterprise_docs TLS:{Enabled:false CertPath:}} Embedding:{ModelName:all-MiniLM-L6-v2 APIKey:*** Timeout:30s Model:} DeepSeek:{BaseURL:http://localhost:11434 APIKey:*** Model:deepseek-r1:1.5b Timeout:30s} Document:{ChunkSize:1000 ChunkOverlap:200 MaxFileSize:10MB}} app=enterprise-knowledge env=development
2025-05-22T11:35:47+08:00 [INFO] Embedder initialized successfully with model: &{all-MiniLM-L6-v2 dummy } app=enterprise-knowledge env=development
2025-05-22T11:35:47+08:00 [INFO] DeepSeek client initialized successfully with model: deepseek-r1:1.5b app=enterprise-knowledge env=development
2025-05-22T11:35:47+08:00 [INFO] Server listening on :8080 app=enterprise-knowledge env=development
2025-05-22T11:35:50+08:00 [INFO] Request: POST /api/documents app=enterprise-knowledge env=development
2025-05-22T11:36:22+08:00 [INFO] Request: POST /api/documents app=enterprise-knowledge env=development
2025-05-22T11:46:55+08:00 [INFO] Shutting down server... app=enterprise-knowledge env=development
2025-05-22T11:46:55+08:00 [INFO] Server exited properly app=enterprise-knowledge env=development
2025-05-22T14:06:43+08:00 [INFO] Application starting... env=development app=enterprise-knowledge
2025-05-22T14:06:43+08:00 [INFO] Loaded configuration: {Server:{Address::8080 Timeout:30s} Logging:{Environment:development FilePath:./logs/app.log Console:true} Milvus:{Address:localhost:19530 Username: Password:*** CollectionName:enterprise_docs TLS:{Enabled:false CertPath:}} Embedding:{ModelName:all-MiniLM-L6-v2 APIKey:*** Timeout:30s ApiURL:http://localhost:8081 Model:} DeepSeek:{BaseURL:http://localhost:11434 APIKey:*** Model:deepseek-r1:1.5b Timeout:30s} Document:{ChunkSize:1000 ChunkOverlap:200 MaxFileSize:10MB}} app=enterprise-knowledge env=development
2025-05-22T14:06:43+08:00 [INFO] Embedder initialized successfully with model: &{http://localhost:8081 dummy all-MiniLM-L6-v2} app=enterprise-knowledge env=development
2025-05-22T14:06:43+08:00 [INFO] DeepSeek client initialized successfully with model: deepseek-r1:1.5b env=development app=enterprise-knowledge
2025-05-22T14:06:43+08:00 [INFO] Server listening on :8080 app=enterprise-knowledge env=development
2025-05-22T14:07:16+08:00 [INFO] Request: POST /api/documents app=enterprise-knowledge env=development
2025-05-22T14:09:46+08:00 [INFO] Shutting down server... app=enterprise-knowledge env=development
2025-05-22T14:09:46+08:00 [INFO] Server exited properly env=development app=enterprise-knowledge
2025-05-22T14:09:49+08:00 [INFO] Application starting... app=enterprise-knowledge env=development
2025-05-22T14:09:49+08:00 [INFO] Loaded configuration: {Server:{Address::8080 Timeout:30s} Logging:{Environment:development FilePath:./logs/app.log Console:true} Milvus:{Address:localhost:19530 Username: Password:*** CollectionName:enterprise_docs TLS:{Enabled:false CertPath:}} Embedding:{ModelName:all-MiniLM-L6-v2 APIKey:*** Timeout:30s ApiURL:http://localhost:8081/models/all-MiniLM-L6-v2/predict Model:} DeepSeek:{BaseURL:http://localhost:11434 APIKey:*** Model:deepseek-r1:1.5b Timeout:30s} Document:{ChunkSize:1000 ChunkOverlap:200 MaxFileSize:10MB}} app=enterprise-knowledge env=development
2025-05-22T14:09:49+08:00 [INFO] Embedder initialized successfully with model: &{http://localhost:8081/models/all-MiniLM-L6-v2/predict dummy all-MiniLM-L6-v2} app=enterprise-knowledge env=development
2025-05-22T14:09:49+08:00 [INFO] DeepSeek client initialized successfully with model: deepseek-r1:1.5b env=development app=enterprise-knowledge
2025-05-22T14:09:49+08:00 [INFO] Server listening on :8080 app=enterprise-knowledge env=development
2025-05-22T14:10:08+08:00 [INFO] Request: POST /api/documents app=enterprise-knowledge env=development
2025-05-22T14:10:50+08:00 [INFO] Shutting down server... app=enterprise-knowledge env=development
2025-05-22T14:10:50+08:00 [INFO] Server exited properly app=enterprise-knowledge env=development
2025-05-22T14:30:59+08:00 [INFO] Application starting... app=enterprise-knowledge env=development
2025-05-22T14:30:59+08:00 [INFO] Loaded configuration: {Server:{Address::8080 Timeout:30s} Logging:{Environment:development FilePath:./logs/app.log Console:true} Milvus:{Address:localhost:19530 Username: Password:*** CollectionName:enterprise_docs TLS:{Enabled:false CertPath:}} Embedding:{ModelName:all-MiniLM-L6-v2 APIKey:*** Timeout:30s ApiURL:http://localhost:8081/embed Model:} DeepSeek:{BaseURL:http://localhost:11434 APIKey:*** Model:deepseek-r1:1.5b Timeout:30s} Document:{ChunkSize:1000 ChunkOverlap:200 MaxFileSize:10MB}} app=enterprise-knowledge env=development
2025-05-22T14:30:59+08:00 [INFO] Embedder initialized successfully with model: &{http://localhost:8081/embed dummy all-MiniLM-L6-v2} app=enterprise-knowledge env=development
2025-05-22T14:30:59+08:00 [INFO] DeepSeek client initialized successfully with model: deepseek-r1:1.5b app=enterprise-knowledge env=development
2025-05-22T14:30:59+08:00 [INFO] Server listening on :8080 app=enterprise-knowledge env=development
2025-05-22T14:31:51+08:00 [INFO] Request: POST /api/documents app=enterprise-knowledge env=development
2025-05-22T14:34:40+08:00 [INFO] Shutting down server... app=enterprise-knowledge env=development
2025-05-22T14:34:40+08:00 [INFO] Server exited properly app=enterprise-knowledge env=development
2025-05-22T14:34:44+08:00 [INFO] Application starting... app=enterprise-knowledge env=development
2025-05-22T14:34:44+08:00 [INFO] Loaded configuration: {Server:{Address::8080 Timeout:30s} Logging:{Environment:development FilePath:./logs/app.log Console:true} Milvus:{Address:localhost:19530 Username: Password:*** CollectionName:enterprise_docs TLS:{Enabled:false CertPath:}} Embedding:{ModelName:all-MiniLM-L6-v2 APIKey:*** Timeout:30s ApiURL:http://localhost:8081/embed Model:} DeepSeek:{BaseURL:http://localhost:11434 APIKey:*** Model:deepseek-r1:1.5b Timeout:30s} Document:{ChunkSize:1000 ChunkOverlap:200 MaxFileSize:10MB}} app=enterprise-knowledge env=development
2025-05-22T14:34:44+08:00 [INFO] Embedder initialized successfully with model: &{http://localhost:8081/embed dummy all-MiniLM-L6-v2} app=enterprise-knowledge env=development
2025-05-22T14:34:44+08:00 [INFO] DeepSeek client initialized successfully with model: deepseek-r1:1.5b app=enterprise-knowledge env=development
2025-05-22T14:34:44+08:00 [INFO] Server listening on :8080 app=enterprise-knowledge env=development
2025-05-22T14:34:50+08:00 [INFO] Request: POST /api/documents app=enterprise-knowledge env=development
2025-05-22T14:37:45+08:00 [INFO] Shutting down server... app=enterprise-knowledge env=development
2025-05-22T14:37:45+08:00 [INFO] Server exited properly app=enterprise-knowledge env=development
2025-05-22T14:37:49+08:00 [INFO] Application starting... app=enterprise-knowledge env=development
2025-05-22T14:37:49+08:00 [INFO] Loaded configuration: {Server:{Address::8080 Timeout:30s} Logging:{Environment:development FilePath:./logs/app.log Console:true} Milvus:{Address:localhost:19530 Username: Password:*** CollectionName:enterprise_docs TLS:{Enabled:false CertPath:}} Embedding:{ModelName:all-MiniLM-L6-v2 APIKey:*** Timeout:30s ApiURL:http://localhost:8081/embed Model:} DeepSeek:{BaseURL:http://localhost:11434 APIKey:*** Model:deepseek-r1:1.5b Timeout:30s} Document:{ChunkSize:1000 ChunkOverlap:200 MaxFileSize:10MB}} app=enterprise-knowledge env=development
2025-05-22T14:37:49+08:00 [INFO] Embedder initialized successfully with model: &{http://localhost:8081/embed dummy all-MiniLM-L6-v2} app=enterprise-knowledge env=development
2025-05-22T14:37:49+08:00 [INFO] DeepSeek client initialized successfully with model: deepseek-r1:1.5b app=enterprise-knowledge env=development
2025-05-22T14:37:49+08:00 [INFO] Server listening on :8080 env=development app=enterprise-knowledge
2025-05-22T14:37:53+08:00 [INFO] Request: POST /api/documents app=enterprise-knowledge env=development
2025-05-22T14:42:06+08:00 [INFO] Request: POST /api/documents app=enterprise-knowledge env=development
2025-05-22T14:45:15+08:00 [INFO] Shutting down server... app=enterprise-knowledge env=development
2025-05-22T14:45:15+08:00 [INFO] Server exited properly app=enterprise-knowledge env=development
2025-05-22T14:45:19+08:00 [INFO] Application starting... app=enterprise-knowledge env=development
2025-05-22T14:45:19+08:00 [INFO] Loaded configuration: {Server:{Address::8080 Timeout:30s} Logging:{Environment:development FilePath:./logs/app.log Console:true} Milvus:{Address:localhost:19530 Username: Password:*** CollectionName:enterprise_docs TLS:{Enabled:false CertPath:}} Embedding:{ModelName:all-MiniLM-L6-v2 APIKey:*** Timeout:30s ApiURL:http://localhost:8081/embed Model:} DeepSeek:{BaseURL:http://localhost:11434 APIKey:*** Model:deepseek-r1:1.5b Timeout:30s} Document:{ChunkSize:1000 ChunkOverlap:200 MaxFileSize:10MB}} app=enterprise-knowledge env=development
2025-05-22T14:45:20+08:00 [INFO] Embedder initialized successfully with model: &{http://localhost:8081/embed dummy all-MiniLM-L6-v2} app=enterprise-knowledge env=development
2025-05-22T14:45:20+08:00 [INFO] DeepSeek client initialized successfully with model: deepseek-r1:1.5b app=enterprise-knowledge env=development
2025-05-22T14:45:20+08:00 [INFO] Server listening on :8080 app=enterprise-knowledge env=development
2025-05-22T14:45:39+08:00 [INFO] Shutting down server... app=enterprise-knowledge env=development
2025-05-22T14:45:39+08:00 [INFO] Server exited properly env=development app=enterprise-knowledge
2025-05-22T14:45:42+08:00 [INFO] Application starting... app=enterprise-knowledge env=development
2025-05-22T14:45:42+08:00 [INFO] Loaded configuration: {Server:{Address::8080 Timeout:30s} Logging:{Environment:development FilePath:./logs/app.log Console:true} Milvus:{Address:localhost:19530 Username: Password:*** CollectionName:enterprise_docs TLS:{Enabled:false CertPath:}} Embedding:{ModelName:all-MiniLM-L6-v2 APIKey:*** Timeout:30s ApiURL:http://localhost:8081/embed Model:} DeepSeek:{BaseURL:http://localhost:11434 APIKey:*** Model:deepseek-r1:1.5b Timeout:30s} Document:{ChunkSize:1000 ChunkOverlap:200 MaxFileSize:10MB}} app=enterprise-knowledge env=development
2025-05-22T14:45:42+08:00 [INFO] Embedder initialized successfully with model: &{http://localhost:8081/embed dummy all-MiniLM-L6-v2} app=enterprise-knowledge env=development
2025-05-22T14:45:42+08:00 [INFO] DeepSeek client initialized successfully with model: deepseek-r1:1.5b app=enterprise-knowledge env=development
2025-05-22T14:45:42+08:00 [INFO] Server listening on :8080 app=enterprise-knowledge env=development
2025-05-22T15:28:36+08:00 [INFO] Shutting down server... env=development app=enterprise-knowledge
2025-05-22T15:28:36+08:00 [INFO] Server exited properly app=enterprise-knowledge env=development
2025-05-22T15:28:41+08:00 [INFO] Application starting... app=enterprise-knowledge env=development
2025-05-22T15:28:41+08:00 [INFO] Loaded configuration: {Server:{Address::8080 Timeout:30s} Logging:{Environment:development FilePath:./logs/app.log Console:true} Milvus:{Address:localhost:19530 Username: Password:*** CollectionName:enterprise_docs TLS:{Enabled:false CertPath:}} Embedding:{ModelName:all-MiniLM-L6-v2 APIKey:*** Timeout:30s ApiURL:http://localhost:8081/embed Model:} DeepSeek:{BaseURL:http://localhost:11434 APIKey:*** Model:deepseek-r1:1.5b Timeout:30s} Document:{ChunkSize:1000 ChunkOverlap:200 MaxFileSize:10MB}} app=enterprise-knowledge env=development
2025-05-22T15:28:41+08:00 [INFO] Embedder initialized successfully with model: &{http://localhost:8081/embed dummy all-MiniLM-L6-v2} app=enterprise-knowledge env=development
2025-05-22T15:28:41+08:00 [INFO] DeepSeek client initialized successfully with model: deepseek-r1:1.5b app=enterprise-knowledge env=development
2025-05-22T15:28:41+08:00 [INFO] Server listening on :8080 app=enterprise-knowledge env=development
2025-05-22T15:29:36+08:00 [INFO] Shutting down server... app=enterprise-knowledge env=development
2025-05-22T15:29:36+08:00 [INFO] Server exited properly app=enterprise-knowledge env=development
2025-05-22T15:29:39+08:00 [INFO] Application starting... app=enterprise-knowledge env=development
2025-05-22T15:29:39+08:00 [INFO] Loaded configuration: {Server:{Address::8080 Timeout:30s} Logging:{Environment:development FilePath:./logs/app.log Console:true} Milvus:{Address:localhost:19530 Username: Password:*** CollectionName:enterprise_docs TLS:{Enabled:false CertPath:}} Embedding:{ModelName:all-MiniLM-L6-v2 APIKey:*** Timeout:30s ApiURL:http://localhost:8081/embed Model:} DeepSeek:{BaseURL:http://localhost:11434 APIKey:*** Model:deepseek-r1:1.5b Timeout:30s} Document:{ChunkSize:1000 ChunkOverlap:200 MaxFileSize:10MB}} app=enterprise-knowledge env=development
2025-05-22T15:29:39+08:00 [INFO] Embedder initialized successfully with model: &{http://localhost:8081/embed dummy all-MiniLM-L6-v2} app=enterprise-knowledge env=development
2025-05-22T15:29:39+08:00 [INFO] DeepSeek client initialized successfully with model: deepseek-r1:1.5b app=enterprise-knowledge env=development
2025-05-22T15:29:39+08:00 [INFO] Server listening on :8080 app=enterprise-knowledge env=development
2025-05-22T15:31:14+08:00 [INFO] Request: POST /api/documents app=enterprise-knowledge env=development
2025-05-22T15:32:23+08:00 [INFO] Shutting down server... app=enterprise-knowledge env=development
2025-05-22T15:32:23+08:00 [INFO] Server exited properly app=enterprise-knowledge env=development
2025-05-22T15:32:27+08:00 [INFO] Application starting... app=enterprise-knowledge env=development
2025-05-22T15:32:27+08:00 [INFO] Loaded configuration: {Server:{Address::8080 Timeout:30s} Logging:{Environment:development FilePath:./logs/app.log Console:true} Milvus:{Address:localhost:19530 Username: Password:*** CollectionName:enterprise_docs TLS:{Enabled:false CertPath:}} Embedding:{ModelName:all-MiniLM-L6-v2 APIKey:*** Timeout:30s ApiURL:http://localhost:8081/embed Model:} DeepSeek:{BaseURL:http://localhost:11434 APIKey:*** Model:deepseek-r1:1.5b Timeout:30s} Document:{ChunkSize:1000 ChunkOverlap:200 MaxFileSize:10MB}} app=enterprise-knowledge env=development
2025-05-22T15:32:27+08:00 [INFO] Embedder initialized successfully with model: &{http://localhost:8081/embed dummy all-MiniLM-L6-v2} env=development app=enterprise-knowledge
2025-05-22T15:32:27+08:00 [INFO] DeepSeek client initialized successfully with model: deepseek-r1:1.5b app=enterprise-knowledge env=development
2025-05-22T15:32:27+08:00 [INFO] Server listening on :8080 app=enterprise-knowledge env=development
2025-05-22T15:59:27+08:00 [INFO] Shutting down server... app=enterprise-knowledge env=development
2025-05-22T15:59:27+08:00 [INFO] Server exited properly app=enterprise-knowledge env=development
2025-05-22T15:59:46+08:00 [INFO] Application starting... app=enterprise-knowledge env=development
2025-05-22T15:59:46+08:00 [INFO] Loaded configuration: {Server:{Address::8080 Timeout:30s} Logging:{Environment:development FilePath:./logs/app.log Console:true} Milvus:{Address:localhost:19530 Username: Password:*** CollectionName:enterprise_docs TLS:{Enabled:false CertPath:}} Embedding:{ModelName:all-MiniLM-L6-v2 APIKey:*** Timeout:30s ApiURL:http://localhost:8081/embed Model:} DeepSeek:{BaseURL:http://localhost:11434 APIKey:*** Model:deepseek-r1:1.5b Timeout:30s} Document:{ChunkSize:1000 ChunkOverlap:200 MaxFileSize:10MB}} app=enterprise-knowledge env=development
2025-05-22T15:59:46+08:00 [INFO] Embedder initialized successfully with model: &{http://localhost:8081/embed dummy all-MiniLM-L6-v2} app=enterprise-knowledge env=development
2025-05-22T15:59:46+08:00 [INFO] DeepSeek client initialized successfully with model: deepseek-r1:1.5b app=enterprise-knowledge env=development
2025-05-22T15:59:46+08:00 [INFO] Server listening on :8080 app=enterprise-knowledge env=development
2025-05-22T16:00:34+08:00 [INFO] Request: POST /api/documents env=development app=enterprise-knowledge
2025-05-22T16:03:32+08:00 [INFO] Shutting down server... app=enterprise-knowledge env=development
2025-05-22T16:03:32+08:00 [INFO] Server exited properly app=enterprise-knowledge env=development
2025-05-22T16:03:36+08:00 [INFO] Application starting... env=development app=enterprise-knowledge
2025-05-22T16:03:36+08:00 [INFO] Loaded configuration: {Server:{Address::8080 Timeout:30s} Logging:{Environment:development FilePath:./logs/app.log Console:true} Milvus:{Address:localhost:19530 Username: Password:*** CollectionName:enterprise_docs TLS:{Enabled:false CertPath:}} Embedding:{ModelName:all-MiniLM-L6-v2 APIKey:*** Timeout:30s ApiURL:http://localhost:8081/embed Model:} DeepSeek:{BaseURL:http://localhost:11434 APIKey:*** Model:deepseek-r1:1.5b Timeout:30s} Document:{ChunkSize:1000 ChunkOverlap:200 MaxFileSize:10MB}} env=development app=enterprise-knowledge
2025-05-22T16:03:36+08:00 [INFO] Embedder initialized successfully with model: &{http://localhost:8081/embed dummy all-MiniLM-L6-v2} app=enterprise-knowledge env=development
2025-05-22T16:03:36+08:00 [INFO] DeepSeek client initialized successfully with model: deepseek-r1:1.5b env=development app=enterprise-knowledge
2025-05-22T16:03:36+08:00 [INFO] Server listening on :8080 env=development app=enterprise-knowledge
2025-05-22T16:05:08+08:00 [INFO] Request: POST /api/query env=development app=enterprise-knowledge
2025-05-22T16:07:17+08:00 [INFO] Request: POST /api/query app=enterprise-knowledge env=development
2025-05-22T16:07:39+08:00 [INFO] Request: POST /api/query env=development app=enterprise-knowledge
2025-05-22T16:08:09+08:00 [INFO] Request: POST /api/query env=development app=enterprise-knowledge
2025-05-22T16:08:44+08:00 [INFO] Request: POST /api/query env=development app=enterprise-knowledge
2025-05-22T16:09:09+08:00 [INFO] Request: POST /api/query app=enterprise-knowledge env=development
2025-05-22T16:13:25+08:00 [INFO] Shutting down server... env=development app=enterprise-knowledge
2025-05-22T16:13:25+08:00 [INFO] Server exited properly env=development app=enterprise-knowledge
2025-05-22T16:13:30+08:00 [INFO] Application starting... app=enterprise-knowledge env=development
2025-05-22T16:13:30+08:00 [INFO] Loaded configuration: {Server:{Address::8080 Timeout:30s} Logging:{Environment:development FilePath:./logs/app.log Console:true} Milvus:{Address:localhost:19530 Username: Password:*** CollectionName:enterprise_docs TLS:{Enabled:false CertPath:}} Embedding:{ModelName:all-MiniLM-L6-v2 APIKey:*** Timeout:30s ApiURL:http://localhost:8081/embed Model:} DeepSeek:{BaseURL:http://localhost:11434 APIKey:*** Model:deepseek-r1:1.5b Timeout:30s} Document:{ChunkSize:1000 ChunkOverlap:200 MaxFileSize:10MB}} app=enterprise-knowledge env=development
2025-05-22T16:13:30+08:00 [INFO] Embedder initialized successfully with model: &{http://localhost:8081/embed dummy all-MiniLM-L6-v2} app=enterprise-knowledge env=development
2025-05-22T16:13:30+08:00 [INFO] DeepSeek client initialized successfully with model: deepseek-r1:1.5b app=enterprise-knowledge env=development
2025-05-22T16:13:30+08:00 [INFO] Server listening on :8080 app=enterprise-knowledge env=development
2025-05-22T16:13:34+08:00 [INFO] Request: POST /api/query app=enterprise-knowledge env=development
2025-05-22T16:14:53+08:00 [INFO] Request: POST /api/query app=enterprise-knowledge env=development
2025-05-22T16:15:56+08:00 [INFO] Shutting down server... app=enterprise-knowledge env=development
2025-05-22T16:15:56+08:00 [INFO] Server exited properly app=enterprise-knowledge env=development
2025-05-22T16:16:00+08:00 [INFO] Application starting... app=enterprise-knowledge env=development
2025-05-22T16:16:00+08:00 [INFO] Loaded configuration: {Server:{Address::8080 Timeout:30s} Logging:{Environment:development FilePath:./logs/app.log Console:true} Milvus:{Address:localhost:19530 Username: Password:*** CollectionName:enterprise_docs TLS:{Enabled:false CertPath:}} Embedding:{ModelName:all-MiniLM-L6-v2 APIKey:*** Timeout:30s ApiURL:http://localhost:8081/embed Model:} DeepSeek:{BaseURL:http://localhost:11434 APIKey:*** Model:deepseek-r1:1.5b Timeout:30s} Document:{ChunkSize:1000 ChunkOverlap:200 MaxFileSize:10MB}} app=enterprise-knowledge env=development
2025-05-22T16:16:00+08:00 [INFO] Embedder initialized successfully with model: &{http://localhost:8081/embed dummy all-MiniLM-L6-v2} app=enterprise-knowledge env=development
2025-05-22T16:16:00+08:00 [INFO] DeepSeek client initialized successfully with model: deepseek-r1:1.5b app=enterprise-knowledge env=development
2025-05-22T16:16:00+08:00 [INFO] Server listening on :8080 app=enterprise-knowledge env=development
2025-05-22T16:16:05+08:00 [INFO] Request: POST /api/query env=development app=enterprise-knowledge
2025-05-22T16:16:11+08:00 [INFO] Request: POST /api/query env=development app=enterprise-knowledge
2025-05-22T16:16:21+08:00 [INFO] Request: POST /api/query app=enterprise-knowledge env=development
2025-05-22T16:17:19+08:00 [INFO] Shutting down server... app=enterprise-knowledge env=development
2025-05-22T16:17:19+08:00 [INFO] Server exited properly app=enterprise-knowledge env=development
2025-05-22T16:18:46+08:00 [INFO] Application starting... app=enterprise-knowledge env=development
2025-05-22T16:18:46+08:00 [INFO] Loaded configuration: {Server:{Address::8080 Timeout:30s} Logging:{Environment:development FilePath:./logs/app.log Console:true} Milvus:{Address:localhost:19530 Username: Password:*** CollectionName:enterprise_docs TLS:{Enabled:false CertPath:}} Embedding:{ModelName:all-MiniLM-L6-v2 APIKey:*** Timeout:30s ApiURL:http://localhost:8081/embed Model:} DeepSeek:{BaseURL:http://localhost:11434 APIKey:*** Model:deepseek-r1:1.5b Timeout:30s} Document:{ChunkSize:1000 ChunkOverlap:200 MaxFileSize:10MB}} app=enterprise-knowledge env=development
2025-05-22T16:18:46+08:00 [INFO] Embedder initialized successfully with model: &{http://localhost:8081/embed dummy all-MiniLM-L6-v2} app=enterprise-knowledge env=development
2025-05-22T16:18:46+08:00 [INFO] DeepSeek client initialized successfully with model: deepseek-r1:1.5b env=development app=enterprise-knowledge
2025-05-22T16:18:46+08:00 [INFO] Server listening on :8080 env=development app=enterprise-knowledge
2025-05-22T16:18:51+08:00 [INFO] Request: POST /api/query app=enterprise-knowledge env=development
2025-05-22T16:26:43+08:00 [INFO] Request: POST /api/documents app=enterprise-knowledge env=development
2025-05-22T16:29:03+08:00 [INFO] Request: POST /api/query app=enterprise-knowledge env=development
2025-05-22T16:29:45+08:00 [INFO] Request: POST /api/query app=enterprise-knowledge env=development
2025-05-22T17:05:39+08:00 [INFO] Shutting down server... app=enterprise-knowledge env=development
2025-05-22T17:05:39+08:00 [INFO] Server exited properly app=enterprise-knowledge env=development
2025-05-26T10:59:02+08:00 [INFO] Application starting... app=enterprise-knowledge env=development
2025-05-26T10:59:02+08:00 [INFO] Loaded configuration: {Server:{Address::8080 Timeout:30s} Logging:{Environment:development FilePath:./logs/app.log Console:true} Milvus:{Address:localhost:19530 Username: Password:*** CollectionName:enterprise_docs TLS:{Enabled:false CertPath:}} Embedding:{ModelName:all-MiniLM-L6-v2 APIKey:*** Timeout:30s ApiURL:http://localhost:8081/embed Model:} DeepSeek:{BaseURL:http://localhost:11434 APIKey:*** Model:deepseek-r1:1.5b Timeout:30s} Document:{ChunkSize:1000 ChunkOverlap:200 MaxFileSize:10MB}} app=enterprise-knowledge env=development
2025-05-26T10:59:02+08:00 [INFO] Embedder initialized successfully with model: &{http://localhost:8081/embed dummy all-MiniLM-L6-v2} app=enterprise-knowledge env=development
2025-05-26T10:59:02+08:00 [INFO] DeepSeek client initialized successfully with model: deepseek-r1:1.5b env=development app=enterprise-knowledge
2025-05-26T10:59:02+08:00 [INFO] Server listening on :8080 app=enterprise-knowledge env=development
2025-05-26T11:03:14+08:00 [INFO] Request: POST /api/documents app=enterprise-knowledge env=development
2025-05-26T11:04:04+08:00 [INFO] Request: POST /api/documents app=enterprise-knowledge env=development
2025-05-26T11:13:44+08:00 [INFO] Shutting down server... env=development app=enterprise-knowledge
2025-05-26T11:13:44+08:00 [INFO] Server exited properly env=development app=enterprise-knowledge
2025-05-26T11:17:50+08:00 [INFO] Application starting... app=enterprise-knowledge env=development
2025-05-26T11:17:50+08:00 [INFO] Loaded configuration: {Server:{Address::8080 Timeout:30s} Logging:{Environment:development FilePath:./logs/app.log Console:true} Milvus:{Address:localhost:19530 Username: Password:*** CollectionName:enterprise_docs TLS:{Enabled:false CertPath:}} Embedding:{ModelName:all-MiniLM-L6-v2 APIKey:*** Timeout:30s ApiURL:http://localhost:8081/embed Model:} DeepSeek:{BaseURL:http://localhost:11434 APIKey:*** Model:deepseek-r1:1.5b Timeout:30s} Document:{ChunkSize:1000 ChunkOverlap:200 MaxFileSize:10MB}} app=enterprise-knowledge env=development
2025-05-26T11:17:50+08:00 [INFO] Embedder initialized successfully with model: &{http://localhost:8081/embed dummy all-MiniLM-L6-v2} app=enterprise-knowledge env=development
2025-05-26T11:17:50+08:00 [INFO] DeepSeek client initialized successfully with model: deepseek-r1:1.5b app=enterprise-knowledge env=development
2025-05-26T11:17:50+08:00 [INFO] Server listening on :8080 app=enterprise-knowledge env=development
2025-05-26T11:17:54+08:00 [INFO] Shutting down server... env=development app=enterprise-knowledge
2025-05-26T11:17:54+08:00 [INFO] Server exited properly env=development app=enterprise-knowledge
2025-05-26T11:18:18+08:00 [INFO] Application starting... app=enterprise-knowledge env=development
2025-05-26T11:18:18+08:00 [INFO] Loaded configuration: {Server:{Address::8080 Timeout:30s} Logging:{Environment:development FilePath:./logs/app.log Console:true} Milvus:{Address:localhost:19530 Username: Password:*** CollectionName:enterprise_docs TLS:{Enabled:false CertPath:}} Embedding:{ModelName:all-MiniLM-L6-v2 APIKey:*** Timeout:30s ApiURL:http://localhost:8081/embed Model:} DeepSeek:{BaseURL:http://localhost:11434 APIKey:*** Model:deepseek-r1:1.5b Timeout:30s} Document:{ChunkSize:1000 ChunkOverlap:200 MaxFileSize:10MB}} app=enterprise-knowledge env=development
2025-05-26T11:18:18+08:00 [INFO] Embedder initialized successfully with model: &{http://localhost:8081/embed dummy all-MiniLM-L6-v2} app=enterprise-knowledge env=development
2025-05-26T11:18:18+08:00 [INFO] DeepSeek client initialized successfully with model: deepseek-r1:1.5b app=enterprise-knowledge env=development
2025-05-26T11:18:18+08:00 [INFO] Server listening on :8080 app=enterprise-knowledge env=development
2025-05-26T11:20:12+08:00 [INFO] Shutting down server... app=enterprise-knowledge env=development
2025-05-26T11:20:12+08:00 [INFO] Server exited properly app=enterprise-knowledge env=development
2025-05-26T11:30:10+08:00 [INFO] Application starting... app=enterprise-knowledge env=development
2025-05-26T11:30:10+08:00 [INFO] Loaded configuration: {Server:{Address::8080 Timeout:30s} Logging:{Environment:development FilePath:./logs/app.log Console:true} Milvus:{Address:localhost:19530 Username: Password:*** CollectionName:enterprise_docs TLS:{Enabled:false CertPath:}} Embedding:{ModelName:all-MiniLM-L6-v2 APIKey:*** Timeout:30s ApiURL:http://localhost:8081/embed Model:} DeepSeek:{BaseURL:http://localhost:11434 APIKey:*** Model:deepseek-r1:1.5b Timeout:30s} Document:{ChunkSize:1000 ChunkOverlap:200 MaxFileSize:10MB}} app=enterprise-knowledge env=development
2025-05-26T11:30:10+08:00 [INFO] Embedder initialized successfully with model: &{http://localhost:8081/embed dummy all-MiniLM-L6-v2} app=enterprise-knowledge env=development
2025-05-26T11:30:10+08:00 [INFO] DeepSeek client initialized successfully with model: deepseek-r1:1.5b app=enterprise-knowledge env=development
2025-05-26T11:30:10+08:00 [INFO] Server listening on :8080 app=enterprise-knowledge env=development
2025-05-26T11:31:08+08:00 [INFO] Request: POST /api/query app=enterprise-knowledge env=development
2025-05-26T11:38:37+08:00 [INFO] Request: POST /api/query app=enterprise-knowledge env=development
2025-05-26T11:43:36+08:00 [INFO] Shutting down server... app=enterprise-knowledge env=development
2025-05-26T11:43:36+08:00 [INFO] Server exited properly app=enterprise-knowledge env=development
2025-05-26T11:44:33+08:00 [INFO] Application starting... app=enterprise-knowledge env=development
2025-05-26T11:44:33+08:00 [INFO] Loaded configuration: {Server:{Address::8080 Timeout:30s} Logging:{Environment:development FilePath:./logs/app.log Console:true} Milvus:{Address:localhost:19530 Username: Password:*** CollectionName:enterprise_docs TLS:{Enabled:false CertPath:}} Embedding:{ModelName:all-MiniLM-L6-v2 APIKey:*** Timeout:30s ApiURL:http://localhost:8081/embed Model:} DeepSeek:{BaseURL:http://localhost:11434 APIKey:*** Model:deepseek-r1:1.5b Timeout:30s} Document:{ChunkSize:1000 ChunkOverlap:200 MaxFileSize:10MB}} app=enterprise-knowledge env=development
2025-05-26T11:44:33+08:00 [INFO] Embedder initialized successfully with model: &{http://localhost:8081/embed dummy all-MiniLM-L6-v2} app=enterprise-knowledge env=development
2025-05-26T11:44:33+08:00 [INFO] DeepSeek client initialized successfully with model: deepseek-r1:1.5b env=development app=enterprise-knowledge
2025-05-26T11:44:33+08:00 [INFO] Server listening on :8080 app=enterprise-knowledge env=development
2025-05-26T11:44:43+08:00 [INFO] Request: POST /api/query app=enterprise-knowledge env=development
2025-05-26T11:45:16+08:00 [INFO] Shutting down server... app=enterprise-knowledge env=development
2025-05-26T11:45:16+08:00 [INFO] Server exited properly app=enterprise-knowledge env=development
2025-05-26T11:45:23+08:00 [INFO] Application starting... app=enterprise-knowledge env=development
2025-05-26T11:45:23+08:00 [INFO] Loaded configuration: {Server:{Address::8080 Timeout:30s} Logging:{Environment:development FilePath:./logs/app.log Console:true} Milvus:{Address:localhost:19530 Username: Password:*** CollectionName:enterprise_docs TLS:{Enabled:false CertPath:}} Embedding:{ModelName:all-MiniLM-L6-v2 APIKey:*** Timeout:30s ApiURL:http://localhost:8081/embed Model:} DeepSeek:{BaseURL:http://localhost:11434 APIKey:*** Model:deepseek-r1:1.5b Timeout:30s} Document:{ChunkSize:1000 ChunkOverlap:200 MaxFileSize:10MB}} app=enterprise-knowledge env=development
2025-05-26T11:45:23+08:00 [INFO] Embedder initialized successfully with model: &{http://localhost:8081/embed dummy all-MiniLM-L6-v2} app=enterprise-knowledge env=development
2025-05-26T11:45:23+08:00 [INFO] DeepSeek client initialized successfully with model: deepseek-r1:1.5b env=development app=enterprise-knowledge
2025-05-26T11:45:23+08:00 [INFO] Server listening on :8080 app=enterprise-knowledge env=development
2025-05-26T11:45:32+08:00 [INFO] Request: POST /api/query app=enterprise-knowledge env=development
2025-05-26T11:46:08+08:00 [INFO] Request: POST /api/query app=enterprise-knowledge env=development
2025-05-26T14:11:54+08:00 [INFO] Shutting down server... app=enterprise-knowledge env=development
2025-05-26T14:11:54+08:00 [INFO] Server exited properly app=enterprise-knowledge env=development
2025-05-26T14:27:46+08:00 [INFO] Application starting... app=enterprise-knowledge env=development
2025-05-26T14:27:46+08:00 [INFO] Loaded configuration: {Server:{Address::8080 Timeout:30s} Logging:{Environment:development FilePath:./logs/app.log Console:true} Milvus:{Address:localhost:19530 Username: Password:*** CollectionName:enterprise_docs TLS:{Enabled:false CertPath:}} Embedding:{ModelName:all-MiniLM-L6-v2 APIKey:*** Timeout:30s ApiURL:http://localhost:8081/embed Model:} DeepSeek:{BaseURL:http://localhost:11434 APIKey:*** Model:deepseek-r1:1.5b Timeout:30s} Document:{ChunkSize:1000 ChunkOverlap:200 MaxFileSize:10MB}} app=enterprise-knowledge env=development
2025-05-26T14:27:46+08:00 [INFO] Embedder initialized successfully with model: &{http://localhost:8081/embed dummy all-MiniLM-L6-v2} env=development app=enterprise-knowledge
2025-05-26T14:27:46+08:00 [INFO] DeepSeek client initialized successfully with model: deepseek-r1:1.5b app=enterprise-knowledge env=development
2025-05-26T14:27:46+08:00 [INFO] Server listening on :8080 app=enterprise-knowledge env=development
2025-05-26T14:31:00+08:00 [INFO] Request: POST /api/query env=development app=enterprise-knowledge
2025-05-26T14:57:01+08:00 [INFO] Request: POST /api/query app=enterprise-knowledge env=development
2025-05-26T15:01:18+08:00 [INFO] Shutting down server... app=enterprise-knowledge env=development
2025-05-26T15:01:18+08:00 [INFO] Server exited properly app=enterprise-knowledge env=development
2025-05-26T15:01:27+08:00 [INFO] Application starting... app=enterprise-knowledge env=development
2025-05-26T15:01:27+08:00 [INFO] Loaded configuration: {Server:{Address::8080 Timeout:30s} Logging:{Environment:development FilePath:./logs/app.log Console:true} Milvus:{Address:localhost:19530 Username: Password:*** CollectionName:enterprise_docs TLS:{Enabled:false CertPath:}} Embedding:{ModelName:all-MiniLM-L6-v2 APIKey:*** Timeout:30s ApiURL:http://localhost:8081/embed Model:} DeepSeek:{BaseURL:http://localhost:11434 APIKey:*** Model:deepseek-r1:1.5b Timeout:30s} Document:{ChunkSize:1000 ChunkOverlap:200 MaxFileSize:10MB}} app=enterprise-knowledge env=development
2025-05-26T15:01:27+08:00 [INFO] Embedder initialized successfully with model: &{http://localhost:8081/embed dummy all-MiniLM-L6-v2} app=enterprise-knowledge env=development
2025-05-26T15:01:27+08:00 [INFO] DeepSeek client initialized successfully with model: deepseek-r1:1.5b app=enterprise-knowledge env=development
2025-05-26T15:01:27+08:00 [INFO] Server listening on :8080 env=development app=enterprise-knowledge
2025-05-26T15:02:21+08:00 [INFO] Request: POST /api/query app=enterprise-knowledge env=development
2025-05-26T15:04:23+08:00 [INFO] Shutting down server... app=enterprise-knowledge env=development
2025-05-26T15:04:23+08:00 [INFO] Server exited properly app=enterprise-knowledge env=development
2025-05-26T15:04:32+08:00 [INFO] Application starting... app=enterprise-knowledge env=development
2025-05-26T15:04:32+08:00 [INFO] Loaded configuration: {Server:{Address::8080 Timeout:30s} Logging:{Environment:development FilePath:./logs/app.log Console:true} Milvus:{Address:localhost:19530 Username: Password:*** CollectionName:enterprise_docs TLS:{Enabled:false CertPath:}} Embedding:{ModelName:all-MiniLM-L6-v2 APIKey:*** Timeout:30s ApiURL:http://localhost:8081/embed Model:} DeepSeek:{BaseURL:http://localhost:11434 APIKey:*** Model:deepseek-r1:1.5b Timeout:30s} Document:{ChunkSize:1000 ChunkOverlap:200 MaxFileSize:10MB}} env=development app=enterprise-knowledge
2025-05-26T15:04:32+08:00 [INFO] Embedder initialized successfully with model: &{http://localhost:8081/embed dummy all-MiniLM-L6-v2} app=enterprise-knowledge env=development
2025-05-26T15:04:32+08:00 [INFO] DeepSeek client initialized successfully with model: deepseek-r1:1.5b app=enterprise-knowledge env=development
2025-05-26T15:04:32+08:00 [INFO] Server listening on :8080 app=enterprise-knowledge env=development
2025-05-26T15:04:46+08:00 [INFO] Request: POST /api/query app=enterprise-knowledge env=development
2025-05-26T15:05:30+08:00 [INFO] Shutting down server... app=enterprise-knowledge env=development
2025-05-26T15:05:30+08:00 [INFO] Server exited properly app=enterprise-knowledge env=development
2025-05-26T15:05:39+08:00 [INFO] Application starting... app=enterprise-knowledge env=development
2025-05-26T15:05:39+08:00 [INFO] Loaded configuration: {Server:{Address::8080 Timeout:30s} Logging:{Environment:development FilePath:./logs/app.log Console:true} Milvus:{Address:localhost:19530 Username: Password:*** CollectionName:enterprise_docs TLS:{Enabled:false CertPath:}} Embedding:{ModelName:all-MiniLM-L6-v2 APIKey:*** Timeout:30s ApiURL:http://localhost:8081/embed Model:} DeepSeek:{BaseURL:http://localhost:11434 APIKey:*** Model:deepseek-r1:1.5b Timeout:30s} Document:{ChunkSize:1000 ChunkOverlap:200 MaxFileSize:10MB}} app=enterprise-knowledge env=development
2025-05-26T15:05:39+08:00 [INFO] Embedder initialized successfully with model: &{http://localhost:8081/embed dummy all-MiniLM-L6-v2} app=enterprise-knowledge env=development
2025-05-26T15:05:39+08:00 [INFO] DeepSeek client initialized successfully with model: deepseek-r1:1.5b app=enterprise-knowledge env=development
2025-05-26T15:05:39+08:00 [INFO] Server listening on :8080 app=enterprise-knowledge env=development
2025-05-26T15:05:51+08:00 [INFO] Request: POST /api/query app=enterprise-knowledge env=development
2025-05-26T15:09:22+08:00 [INFO] Shutting down server... app=enterprise-knowledge env=development
2025-05-26T15:09:22+08:00 [INFO] Server exited properly app=enterprise-knowledge env=development
2025-05-26T15:09:31+08:00 [INFO] Application starting... app=enterprise-knowledge env=development
2025-05-26T15:09:31+08:00 [INFO] Loaded configuration: {Server:{Address::8080 Timeout:30s} Logging:{Environment:development FilePath:./logs/app.log Console:true} Milvus:{Address:localhost:19530 Username: Password:*** CollectionName:enterprise_docs TLS:{Enabled:false CertPath:}} Embedding:{ModelName:all-MiniLM-L6-v2 APIKey:*** Timeout:30s ApiURL:http://localhost:8081/embed Model:} DeepSeek:{BaseURL:http://localhost:11434 APIKey:*** Model:deepseek-r1:1.5b Timeout:30s} Document:{ChunkSize:1000 ChunkOverlap:200 MaxFileSize:10MB}} app=enterprise-knowledge env=development
2025-05-26T15:09:31+08:00 [INFO] Embedder initialized successfully with model: &{http://localhost:8081/embed dummy all-MiniLM-L6-v2} app=enterprise-knowledge env=development
2025-05-26T15:09:31+08:00 [INFO] DeepSeek client initialized successfully with model: deepseek-r1:1.5b app=enterprise-knowledge env=development
2025-05-26T15:09:31+08:00 [INFO] Server listening on :8080 app=enterprise-knowledge env=development
2025-05-26T15:10:08+08:00 [INFO] Shutting down server... env=development app=enterprise-knowledge
2025-05-26T15:10:08+08:00 [INFO] Server exited properly app=enterprise-knowledge env=development
2025-05-26T15:10:16+08:00 [INFO] Application starting... app=enterprise-knowledge env=development
2025-05-26T15:10:16+08:00 [INFO] Loaded configuration: {Server:{Address::8080 Timeout:30s} Logging:{Environment:development FilePath:./logs/app.log Console:true} Milvus:{Address:localhost:19530 Username: Password:*** CollectionName:enterprise_docs TLS:{Enabled:false CertPath:}} Embedding:{ModelName:all-MiniLM-L6-v2 APIKey:*** Timeout:30s ApiURL:http://localhost:8081/embed Model:} DeepSeek:{BaseURL:http://localhost:11434 APIKey:*** Model:deepseek-r1:1.5b Timeout:30s} Document:{ChunkSize:1000 ChunkOverlap:200 MaxFileSize:10MB}} app=enterprise-knowledge env=development
2025-05-26T15:10:16+08:00 [INFO] Embedder initialized successfully with model: &{http://localhost:8081/embed dummy all-MiniLM-L6-v2} app=enterprise-knowledge env=development
2025-05-26T15:10:16+08:00 [INFO] DeepSeek client initialized successfully with model: deepseek-r1:1.5b app=enterprise-knowledge env=development
2025-05-26T15:10:16+08:00 [INFO] Server listening on :8080 app=enterprise-knowledge env=development
2025-05-26T15:12:09+08:00 [INFO] Shutting down server... app=enterprise-knowledge env=development
2025-05-26T15:12:09+08:00 [INFO] Server exited properly app=enterprise-knowledge env=development
2025-05-26T15:12:18+08:00 [INFO] Application starting... app=enterprise-knowledge env=development
2025-05-26T15:12:18+08:00 [INFO] Loaded configuration: {Server:{Address::8080 Timeout:30s} Logging:{Environment:development FilePath:./logs/app.log Console:true} Milvus:{Address:localhost:19530 Username: Password:*** CollectionName:enterprise_docs TLS:{Enabled:false CertPath:}} Embedding:{ModelName:all-MiniLM-L6-v2 APIKey:*** Timeout:30s ApiURL:http://localhost:8081/embed Model:} DeepSeek:{BaseURL:http://localhost:11434 APIKey:*** Model:deepseek-r1:1.5b Timeout:30s} Document:{ChunkSize:1000 ChunkOverlap:200 MaxFileSize:10MB}} env=development app=enterprise-knowledge
2025-05-26T15:12:18+08:00 [INFO] Embedder initialized successfully with model: &{http://localhost:8081/embed dummy all-MiniLM-L6-v2} app=enterprise-knowledge env=development
2025-05-26T15:12:18+08:00 [INFO] DeepSeek client initialized successfully with model: deepseek-r1:1.5b app=enterprise-knowledge env=development
2025-05-26T15:12:18+08:00 [INFO] Server listening on :8080 app=enterprise-knowledge env=development
2025-05-26T15:12:58+08:00 [INFO] Request: POST /api/query app=enterprise-knowledge env=development
2025-05-26T15:17:05+08:00 [INFO] Request: POST /api/query app=enterprise-knowledge env=development
2025-05-26T15:18:33+08:00 [INFO] Request: POST /api/query app=enterprise-knowledge env=development
2025-05-26T15:19:12+08:00 [INFO] Request: POST /api/query app=enterprise-knowledge env=development
2025-05-26T15:22:13+08:00 [INFO] Request: POST /api/query app=enterprise-knowledge env=development
2025-05-26T15:29:05+08:00 [INFO] Request: POST /api/query app=enterprise-knowledge env=development
2025-05-26T15:33:02+08:00 [INFO] Request: POST /api/query app=enterprise-knowledge env=development
2025-05-26T15:37:35+08:00 [INFO] Request: POST /api/query app=enterprise-knowledge env=development
2025-05-26T15:44:22+08:00 [INFO] Request: POST /api/query env=development app=enterprise-knowledge
2025-05-26T15:45:49+08:00 [INFO] Request: POST /api/query app=enterprise-knowledge env=development
2025-05-26T15:48:36+08:00 [INFO] Request: POST /api/query app=enterprise-knowledge env=development
2025-05-26T15:57:47+08:00 [INFO] Request: POST /api/query app=enterprise-knowledge env=development
2025-05-26T16:43:19+08:00 [INFO] Request: POST /api/query app=enterprise-knowledge env=development
2025-05-26T16:46:46+08:00 [INFO] Request: POST /api/query app=enterprise-knowledge env=development
2025-05-26T16:48:11+08:00 [INFO] Request: POST /api/query app=enterprise-knowledge env=development
2025-05-26T16:52:02+08:00 [INFO] Shutting down server... app=enterprise-knowledge env=development
2025-05-26T16:52:32+08:00 [ERROR] Server shutdown error: context deadline exceeded env=development app=enterprise-knowledge
2025-05-26T16:52:32+08:00 [INFO] Server exited properly app=enterprise-knowledge env=development
2025-05-26T16:52:54+08:00 [INFO] Application starting... app=enterprise-knowledge env=development
2025-05-26T16:52:54+08:00 [INFO] Loaded configuration: {Server:{Address::8080 Timeout:30s} Logging:{Environment:development FilePath:./logs/app.log Console:true} Milvus:{Address:localhost:19530 Username: Password:*** CollectionName:enterprise_docs TLS:{Enabled:false CertPath:}} Embedding:{ModelName:all-MiniLM-L6-v2 APIKey:*** Timeout:30s ApiURL:http://localhost:8081/embed Model:} DeepSeek:{BaseURL:http://localhost:11434 APIKey:*** Model:deepseek-r1:1.5b Timeout:30s} Document:{ChunkSize:1000 ChunkOverlap:200 MaxFileSize:10MB}} env=development app=enterprise-knowledge
2025-05-26T16:52:54+08:00 [INFO] Embedder initialized successfully with model: &{http://localhost:8081/embed dummy all-MiniLM-L6-v2} app=enterprise-knowledge env=development
2025-05-26T16:52:54+08:00 [INFO] DeepSeek client initialized successfully with model: deepseek-r1:1.5b app=enterprise-knowledge env=development
2025-05-26T16:52:54+08:00 [INFO] Server listening on :8080 app=enterprise-knowledge env=development
2025-05-26T16:54:00+08:00 [INFO] Request: POST /api/query app=enterprise-knowledge env=development
2025-05-26T17:06:18+08:00 [INFO] Request: POST /api/query app=enterprise-knowledge env=development
2025-05-27T09:31:10+08:00 [INFO] Request: POST /api/documents app=enterprise-knowledge env=development
2025-05-27T09:36:50+08:00 [INFO] Shutting down server... app=enterprise-knowledge env=development
2025-05-27T09:36:50+08:00 [INFO] Server exited properly app=enterprise-knowledge env=development
2025-05-27T14:29:26+08:00 [INFO] Application starting... app=enterprise-knowledge env=development
2025-05-27T14:29:26+08:00 [INFO] Loaded configuration: {Server:{Address::8080 Timeout:30s} Logging:{Environment:development FilePath:./logs/app.log Console:true} Milvus:{Address:localhost:19530 Username: Password:*** CollectionName:enterprise_docs TLS:{Enabled:false CertPath:}} Embedding:{ModelName:all-MiniLM-L6-v2 APIKey:*** Timeout:30s ApiURL:http://localhost:8081/embed Model:} DeepSeek:{BaseURL:http://localhost:11434 APIKey:*** Model:deepseek-r1:1.5b Timeout:30s} Document:{ChunkSize:1000 ChunkOverlap:200 MaxFileSize:10MB}} app=enterprise-knowledge env=development
2025-05-27T14:29:26+08:00 [INFO] Embedder initialized successfully with model: &{http://localhost:8081/embed dummy all-MiniLM-L6-v2} app=enterprise-knowledge env=development
2025-05-27T14:29:26+08:00 [INFO] DeepSeek client initialized successfully with model: deepseek-r1:1.5b app=enterprise-knowledge env=development
2025-05-27T14:29:26+08:00 [INFO] Server listening on :8080 app=enterprise-knowledge env=development
2025-05-27T14:29:53+08:00 [INFO] Request: POST /api/documents app=enterprise-knowledge env=development
2025-05-27T14:30:57+08:00 [INFO] Request: POST /api/documents app=enterprise-knowledge env=development
2025-05-27T14:31:22+08:00 [INFO] Request: POST /api/documents app=enterprise-knowledge env=development
2025-05-27T16:54:25+08:00 [INFO] Request: POST /api/documents env=development app=enterprise-knowledge
2025-05-27T16:54:36+08:00 [INFO] Request: POST /api/query env=development app=enterprise-knowledge
2025-05-27T16:55:51+08:00 [INFO] Request: POST /api/query app=enterprise-knowledge env=development
2025-05-27T16:57:40+08:00 [INFO] Request: POST /api/documents app=enterprise-knowledge env=development
2025-05-27T16:58:07+08:00 [INFO] Request: POST /api/documents app=enterprise-knowledge env=development
2025-05-27T16:58:17+08:00 [INFO] Request: POST /api/documents env=development app=enterprise-knowledge
2025-05-27T16:58:28+08:00 [INFO] Request: POST /api/documents app=enterprise-knowledge env=development
2025-05-27T16:58:42+08:00 [INFO] Request: POST /api/documents app=enterprise-knowledge env=development
2025-05-27T17:05:34+08:00 [INFO] Request: POST /api/query env=development app=enterprise-knowledge
2025-05-28T09:23:01+08:00 [INFO] Shutting down server... app=enterprise-knowledge env=development
2025-05-28T09:23:01+08:00 [INFO] Server exited properly app=enterprise-knowledge env=development
2025-06-19T15:55:05+08:00 [INFO] Application starting... app=enterprise-knowledge env=development
2025-06-19T15:55:05+08:00 [INFO] Loaded configuration: {Server:{Address::8080 Timeout:30s} Logging:{Environment:development FilePath:./logs/app.log Console:true} Milvus:{Address:localhost:19530 Username: Password:*** CollectionName:enterprise_docs TLS:{Enabled:false CertPath:}} Embedding:{ModelName:all-MiniLM-L6-v2 APIKey:*** Timeout:30s ApiURL:http://localhost:8081/embed Model:} DeepSeek:{BaseURL:http://localhost:11434 APIKey:*** Model:deepseek-r1:1.5b Timeout:30s} Document:{ChunkSize:1000 ChunkOverlap:200 MaxFileSize:10MB}} app=enterprise-knowledge env=development
2025-06-19T15:55:05+08:00 [INFO] Embedder initialized successfully with model: &{http://localhost:8081/embed dummy all-MiniLM-L6-v2} app=enterprise-knowledge env=development
2025-06-19T15:55:05+08:00 [INFO] DeepSeek client initialized successfully with model: deepseek-r1:1.5b app=enterprise-knowledge env=development
2025-06-19T15:55:05+08:00 [INFO] Server listening on :8080 env=development app=enterprise-knowledge
2025-06-19T16:00:45+08:00 [INFO] Request: POST /api/documents app=enterprise-knowledge env=development
2025-06-19T16:00:54+08:00 [INFO] Request: POST /api/documents env=development app=enterprise-knowledge
2025-06-19T16:09:51+08:00 [INFO] Shutting down server... app=enterprise-knowledge env=development
2025-06-19T16:09:51+08:00 [INFO] Server exited properly app=enterprise-knowledge env=development
2025-06-19T16:10:41+08:00 [INFO] Application starting... app=enterprise-knowledge env=development
2025-06-19T16:10:41+08:00 [INFO] Loaded configuration: {Server:{Address::8080 Timeout:30s} Logging:{Environment:development FilePath:./logs/app.log Console:true} Milvus:{Address:localhost:19530 Username: Password:*** CollectionName:enterprise_docs TLS:{Enabled:false CertPath:}} Embedding:{ModelName:all-MiniLM-L6-v2 APIKey:*** Timeout:30s ApiURL:http://localhost:8081/embed Model:} DeepSeek:{BaseURL:http://localhost:11434 APIKey:*** Model:deepseek-r1:1.5b Timeout:30s} Document:{ChunkSize:1000 ChunkOverlap:200 MaxFileSize:10MB}} app=enterprise-knowledge env=development
2025-06-19T16:10:41+08:00 [INFO] Embedder initialized successfully with model: &{http://localhost:8081/embed dummy all-MiniLM-L6-v2} app=enterprise-knowledge env=development
2025-06-19T16:10:41+08:00 [INFO] DeepSeek client initialized successfully with model: deepseek-r1:1.5b app=enterprise-knowledge env=development
2025-06-19T16:10:41+08:00 [INFO] Server listening on :8080 env=development app=enterprise-knowledge
2025-06-19T16:10:55+08:00 [INFO] Request: POST /api/documents env=development app=enterprise-knowledge
2025-06-19T16:12:26+08:00 [INFO] Shutting down server... env=development app=enterprise-knowledge
2025-06-19T16:12:26+08:00 [INFO] Server exited properly app=enterprise-knowledge env=development
2025-06-19T16:12:37+08:00 [INFO] Application starting... app=enterprise-knowledge env=development
2025-06-19T16:12:37+08:00 [INFO] Loaded configuration: {Server:{Address::8080 Timeout:30s} Logging:{Environment:development FilePath:./logs/app.log Console:true} Milvus:{Address:localhost:19530 Username: Password:*** CollectionName:enterprise_docs TLS:{Enabled:false CertPath:}} Embedding:{ModelName:all-MiniLM-L6-v2 APIKey:*** Timeout:30s ApiURL:http://localhost:8081/embed Model:} DeepSeek:{BaseURL:http://localhost:11434 APIKey:*** Model:deepseek-r1:1.5b Timeout:30s} Document:{ChunkSize:1000 ChunkOverlap:200 MaxFileSize:10MB}} app=enterprise-knowledge env=development
2025-06-19T16:12:37+08:00 [INFO] Embedder initialized successfully with model: &{http://localhost:8081/embed dummy all-MiniLM-L6-v2} env=development app=enterprise-knowledge
2025-06-19T16:12:37+08:00 [INFO] DeepSeek client initialized successfully with model: deepseek-r1:1.5b app=enterprise-knowledge env=development
2025-06-19T16:12:37+08:00 [INFO] Server listening on :8080 app=enterprise-knowledge env=development
2025-06-19T16:12:50+08:00 [INFO] Request: POST /api/documents env=development app=enterprise-knowledge
2025-06-19T16:12:54+08:00 [INFO] Request: POST /api/documents env=development app=enterprise-knowledge
2025-06-19T16:16:33+08:00 [INFO] Shutting down server... app=enterprise-knowledge env=development
2025-06-19T16:16:33+08:00 [INFO] Server exited properly app=enterprise-knowledge env=development
2025-06-19T16:17:09+08:00 [INFO] Application starting... env=development app=enterprise-knowledge
2025-06-19T16:17:09+08:00 [INFO] Loaded configuration: {Server:{Address::8080 Timeout:30s} Logging:{Environment:development FilePath:./logs/app.log Console:true} Milvus:{Address:localhost:19530 Username: Password:*** CollectionName:enterprise_docs TLS:{Enabled:false CertPath:}} Embedding:{ModelName:all-MiniLM-L6-v2 APIKey:*** Timeout:30s ApiURL:http://localhost:8081/embed Model:} DeepSeek:{BaseURL:http://localhost:11434 APIKey:*** Model:deepseek-r1:1.5b Timeout:30s} Document:{ChunkSize:1000 ChunkOverlap:200 MaxFileSize:10MB}} env=development app=enterprise-knowledge
2025-06-19T16:17:09+08:00 [INFO] Embedder initialized successfully with model: &{http://localhost:8081/embed dummy all-MiniLM-L6-v2} env=development app=enterprise-knowledge
2025-06-19T16:17:09+08:00 [INFO] DeepSeek client initialized successfully with model: deepseek-r1:1.5b env=development app=enterprise-knowledge
2025-06-19T16:17:09+08:00 [INFO] Server listening on :8080 env=development app=enterprise-knowledge
2025-06-19T16:17:55+08:00 [INFO] Request: POST /api/documents env=development app=enterprise-knowledge
2025-06-19T16:18:26+08:00 [INFO] Shutting down server... app=enterprise-knowledge env=development
2025-06-19T16:18:26+08:00 [INFO] Server exited properly app=enterprise-knowledge env=development
2025-06-19T16:28:06+08:00 [INFO] Application starting... env=development app=enterprise-knowledge
2025-06-19T16:28:06+08:00 [INFO] Loaded configuration: {Server:{Address::8080 Timeout:30s} Logging:{Environment:development FilePath:./logs/app.log Console:true} Milvus:{Address:localhost:19530 Username: Password:*** CollectionName:enterprise_docs TLS:{Enabled:false CertPath:}} Embedding:{ModelName:all-MiniLM-L6-v2 APIKey:*** Timeout:30s ApiURL:http://localhost:8081/embed Model:} DeepSeek:{BaseURL:http://localhost:11434 APIKey:*** Model:deepseek-r1:1.5b Timeout:30s} Document:{ChunkSize:1000 ChunkOverlap:200 MaxFileSize:10MB}} env=development app=enterprise-knowledge
2025-06-19T16:28:06+08:00 [INFO] Embedder initialized successfully with model: &{http://localhost:8081/embed dummy all-MiniLM-L6-v2} env=development app=enterprise-knowledge
2025-06-19T16:28:06+08:00 [INFO] DeepSeek client initialized successfully with model: deepseek-r1:1.5b app=enterprise-knowledge env=development
2025-06-19T16:28:06+08:00 [INFO] Server listening on :8080 app=enterprise-knowledge env=development
2025-06-19T16:28:50+08:00 [INFO] Request: POST /api/documents env=development app=enterprise-knowledge
2025-06-19T17:09:55+08:00 [INFO] Request: POST /api/documents env=development app=enterprise-knowledge
2025-06-19T17:11:15+08:00 [INFO] Shutting down server... env=development app=enterprise-knowledge
2025-06-19T17:11:15+08:00 [INFO] Server exited properly env=development app=enterprise-knowledge
2025-06-19T17:11:38+08:00 [INFO] Application starting... app=enterprise-knowledge env=development
2025-06-19T17:11:38+08:00 [INFO] Loaded configuration: {Server:{Address::8080 Timeout:30s} Logging:{Environment:development FilePath:./logs/app.log Console:true} Milvus:{Address:localhost:19530 Username: Password:*** CollectionName:enterprise_docs TLS:{Enabled:false CertPath:}} Embedding:{ModelName:all-MiniLM-L6-v2 APIKey:*** Timeout:30s ApiURL:http://localhost:8081/embed Model:} DeepSeek:{BaseURL:http://localhost:11434 APIKey:*** Model:deepseek-r1:1.5b Timeout:30s} Document:{ChunkSize:1000 ChunkOverlap:200 MaxFileSize:10MB}} app=enterprise-knowledge env=development
2025-06-19T17:11:38+08:00 [INFO] Embedder initialized successfully with model: &{http://localhost:8081/embed dummy all-MiniLM-L6-v2} app=enterprise-knowledge env=development
2025-06-19T17:11:38+08:00 [INFO] DeepSeek client initialized successfully with model: deepseek-r1:1.5b app=enterprise-knowledge env=development
2025-06-19T17:11:38+08:00 [INFO] Server listening on :8080 app=enterprise-knowledge env=development
2025-06-19T17:12:21+08:00 [INFO] Request: POST /api/documents app=enterprise-knowledge env=development
2025-06-19T17:14:19+08:00 [INFO] Shutting down server... app=enterprise-knowledge env=development
2025-06-19T17:14:19+08:00 [INFO] Server exited properly app=enterprise-knowledge env=development
2025-06-19T17:14:30+08:00 [INFO] Application starting... app=enterprise-knowledge env=development
2025-06-19T17:14:30+08:00 [INFO] Loaded configuration: {Server:{Address::8080 Timeout:30s} Logging:{Environment:development FilePath:./logs/app.log Console:true} Milvus:{Address:localhost:19530 Username: Password:*** CollectionName:enterprise_docs TLS:{Enabled:false CertPath:}} Embedding:{ModelName:all-MiniLM-L6-v2 APIKey:*** Timeout:30s ApiURL:http://localhost:8081/embed Model:} DeepSeek:{BaseURL:http://localhost:11434 APIKey:*** Model:deepseek-r1:1.5b Timeout:30s} Document:{ChunkSize:1000 ChunkOverlap:200 MaxFileSize:10MB}} app=enterprise-knowledge env=development
2025-06-19T17:14:30+08:00 [INFO] Embedder initialized successfully with model: &{http://localhost:8081/embed dummy all-MiniLM-L6-v2} app=enterprise-knowledge env=development
2025-06-19T17:14:30+08:00 [INFO] DeepSeek client initialized successfully with model: deepseek-r1:1.5b app=enterprise-knowledge env=development
2025-06-19T17:14:30+08:00 [INFO] Server listening on :8080 app=enterprise-knowledge env=development
2025-06-19T17:19:40+08:00 [INFO] Shutting down server... app=enterprise-knowledge env=development
2025-06-19T17:19:40+08:00 [INFO] Server exited properly app=enterprise-knowledge env=development
2025-06-19T17:19:49+08:00 [INFO] Application starting... app=enterprise-knowledge env=development
2025-06-19T17:19:49+08:00 [INFO] Loaded configuration: {Server:{Address::8080 Timeout:30s} Logging:{Environment:development FilePath:./logs/app.log Console:true} Milvus:{Address:localhost:19530 Username: Password:*** CollectionName:enterprise_docs TLS:{Enabled:false CertPath:}} Embedding:{ModelName:all-MiniLM-L6-v2 APIKey:*** Timeout:30s ApiURL:http://localhost:8081/embed Model:} DeepSeek:{BaseURL:http://localhost:11434 APIKey:*** Model:deepseek-r1:1.5b Timeout:30s} Document:{ChunkSize:1000 ChunkOverlap:200 MaxFileSize:10MB}} app=enterprise-knowledge env=development
2025-06-19T17:19:49+08:00 [INFO] Embedder initialized successfully with model: &{http://localhost:8081/embed dummy all-MiniLM-L6-v2} app=enterprise-knowledge env=development
2025-06-19T17:19:49+08:00 [INFO] DeepSeek client initialized successfully with model: deepseek-r1:1.5b app=enterprise-knowledge env=development
2025-06-19T17:19:49+08:00 [INFO] Server listening on :8080 env=development app=enterprise-knowledge
2025-06-19T17:20:00+08:00 [INFO] Request: POST /api/documents app=enterprise-knowledge env=development
2025-06-19T17:22:25+08:00 [INFO] Shutting down server... app=enterprise-knowledge env=development
2025-06-19T17:22:25+08:00 [INFO] Server exited properly app=enterprise-knowledge env=development
2025-06-19T17:22:31+08:00 [INFO] Application starting... app=enterprise-knowledge env=development
2025-06-19T17:22:31+08:00 [INFO] Loaded configuration: {Server:{Address::8080 Timeout:30s} Logging:{Environment:development FilePath:./logs/app.log Console:true} Milvus:{Address:localhost:19530 Username: Password:*** CollectionName:enterprise_docs TLS:{Enabled:false CertPath:}} Embedding:{ModelName:all-MiniLM-L6-v2 APIKey:*** Timeout:30s ApiURL:http://localhost:8081/embed Model:} DeepSeek:{BaseURL:http://localhost:11434 APIKey:*** Model:deepseek-r1:1.5b Timeout:30s} Document:{ChunkSize:1000 ChunkOverlap:200 MaxFileSize:10MB}} app=enterprise-knowledge env=development
2025-06-19T17:22:31+08:00 [INFO] Embedder initialized successfully with model: &{http://localhost:8081/embed dummy all-MiniLM-L6-v2} env=development app=enterprise-knowledge
2025-06-19T17:22:31+08:00 [INFO] DeepSeek client initialized successfully with model: deepseek-r1:1.5b app=enterprise-knowledge env=development
2025-06-19T17:22:31+08:00 [INFO] Server listening on :8080 app=enterprise-knowledge env=development
2025-06-19T17:22:47+08:00 [INFO] Request: POST /api/documents app=enterprise-knowledge env=development
2025-06-19T17:23:39+08:00 [INFO] Shutting down server... app=enterprise-knowledge env=development
2025-06-19T17:23:39+08:00 [INFO] Server exited properly app=enterprise-knowledge env=development
2025-06-19T17:24:21+08:00 [INFO] Application starting... app=enterprise-knowledge env=development
2025-06-19T17:24:21+08:00 [INFO] Loaded configuration: {Server:{Address::8080 Timeout:30s} Logging:{Environment:development FilePath:./logs/app.log Console:true} Milvus:{Address:localhost:19530 Username: Password:*** CollectionName:enterprise_docs TLS:{Enabled:false CertPath:}} Embedding:{ModelName:all-MiniLM-L6-v2 APIKey:*** Timeout:30s ApiURL:http://localhost:8081/embed Model:} DeepSeek:{BaseURL:http://localhost:11434 APIKey:*** Model:deepseek-r1:1.5b Timeout:30s} Document:{ChunkSize:1000 ChunkOverlap:200 MaxFileSize:10MB}} app=enterprise-knowledge env=development
2025-06-19T17:24:21+08:00 [INFO] Embedder initialized successfully with model: &{http://localhost:8081/embed dummy all-MiniLM-L6-v2} env=development app=enterprise-knowledge
2025-06-19T17:24:21+08:00 [INFO] DeepSeek client initialized successfully with model: deepseek-r1:1.5b app=enterprise-knowledge env=development
2025-06-19T17:24:21+08:00 [INFO] Server listening on :8080 app=enterprise-knowledge env=development
2025-06-19T17:24:39+08:00 [INFO] Request: POST /api/documents app=enterprise-knowledge env=development
2025-06-20T09:30:10+08:00 [INFO] Shutting down server... app=enterprise-knowledge env=development
2025-06-20T09:30:10+08:00 [INFO] Server exited properly app=enterprise-knowledge env=development
2025-06-20T09:30:22+08:00 [INFO] Application starting... app=enterprise-knowledge env=development
2025-06-20T09:30:22+08:00 [INFO] Loaded configuration: {Server:{Address::8080 Timeout:30s} Logging:{Environment:development FilePath:./logs/app.log Console:true} Milvus:{Address:localhost:19530 Username: Password:*** CollectionName:enterprise_docs TLS:{Enabled:false CertPath:}} Embedding:{ModelName:all-MiniLM-L6-v2 APIKey:*** Timeout:30s ApiURL:http://localhost:8081/embed Model:} DeepSeek:{BaseURL:http://localhost:11434 APIKey:*** Model:deepseek-r1:1.5b Timeout:30s} Document:{ChunkSize:1000 ChunkOverlap:200 MaxFileSize:10MB}} app=enterprise-knowledge env=development
2025-06-20T09:30:22+08:00 [INFO] Embedder initialized successfully with model: &{http://localhost:8081/embed dummy all-MiniLM-L6-v2} app=enterprise-knowledge env=development
2025-06-20T09:30:22+08:00 [INFO] DeepSeek client initialized successfully with model: deepseek-r1:1.5b app=enterprise-knowledge env=development
2025-06-20T09:30:22+08:00 [INFO] Server listening on :8080 env=development app=enterprise-knowledge
2025-06-20T09:30:30+08:00 [INFO] Request: POST /api/documents app=enterprise-knowledge env=development
2025-06-20T09:33:22+08:00 [INFO] Shutting down server... env=development app=enterprise-knowledge
2025-06-20T09:33:22+08:00 [INFO] Server exited properly app=enterprise-knowledge env=development
2025-06-20T09:33:34+08:00 [INFO] Application starting... env=development app=enterprise-knowledge
2025-06-20T09:33:34+08:00 [INFO] Loaded configuration: {Server:{Address::8080 Timeout:30s} Logging:{Environment:development FilePath:./logs/app.log Console:true} Milvus:{Address:localhost:19530 Username: Password:*** CollectionName:enterprise_docs TLS:{Enabled:false CertPath:}} Embedding:{ModelName:all-MiniLM-L6-v2 APIKey:*** Timeout:30s ApiURL:http://localhost:8081/embed Model:} DeepSeek:{BaseURL:http://localhost:11434 APIKey:*** Model:deepseek-r1:1.5b Timeout:30s} Document:{ChunkSize:1000 ChunkOverlap:200 MaxFileSize:10MB}} env=development app=enterprise-knowledge
2025-06-20T09:33:34+08:00 [INFO] Embedder initialized successfully with model: &{http://localhost:8081/embed dummy all-MiniLM-L6-v2} env=development app=enterprise-knowledge
2025-06-20T09:33:34+08:00 [INFO] DeepSeek client initialized successfully with model: deepseek-r1:1.5b env=development app=enterprise-knowledge
2025-06-20T09:33:34+08:00 [INFO] Server listening on :8080 env=development app=enterprise-knowledge
2025-06-20T09:33:43+08:00 [INFO] Request: POST /api/documents app=enterprise-knowledge env=development
2025-06-20T09:36:11+08:00 [INFO] Shutting down server... env=development app=enterprise-knowledge
2025-06-20T09:36:11+08:00 [INFO] Server exited properly env=development app=enterprise-knowledge
2025-06-20T09:36:21+08:00 [INFO] Application starting... app=enterprise-knowledge env=development
2025-06-20T09:36:21+08:00 [INFO] Loaded configuration: {Server:{Address::8080 Timeout:30s} Logging:{Environment:development FilePath:./logs/app.log Console:true} Milvus:{Address:localhost:19530 Username: Password:*** CollectionName:enterprise_docs TLS:{Enabled:false CertPath:}} Embedding:{ModelName:all-MiniLM-L6-v2 APIKey:*** Timeout:30s ApiURL:http://localhost:8081/embed Model:} DeepSeek:{BaseURL:http://localhost:11434 APIKey:*** Model:deepseek-r1:1.5b Timeout:30s} Document:{ChunkSize:1000 ChunkOverlap:200 MaxFileSize:10MB}} app=enterprise-knowledge env=development
2025-06-20T09:36:21+08:00 [INFO] Embedder initialized successfully with model: &{http://localhost:8081/embed dummy all-MiniLM-L6-v2} app=enterprise-knowledge env=development
2025-06-20T09:36:21+08:00 [INFO] DeepSeek client initialized successfully with model: deepseek-r1:1.5b app=enterprise-knowledge env=development
2025-06-20T09:36:21+08:00 [INFO] Server listening on :8080 env=development app=enterprise-knowledge
2025-06-20T09:54:30+08:00 [INFO] Shutting down server... app=enterprise-knowledge env=development
2025-06-20T09:54:30+08:00 [INFO] Server exited properly app=enterprise-knowledge env=development
